[16lip2025 20:12:46.617] [main/INFO] [cpw.mods.modlauncher.Launcher/MODLAUNCHER]: ModLauncher running: args [--launchTarget, forgedatauserdev, --assetIndex, 5, --assetsDir, C:\Users\Night\.gradle\caches\forge_gradle\assets, --gameDir, ., --fml.forgeVersion, 47.3.22, --fml.mcVersion, 1.20.1, --fml.forgeGroup, net.minecraftforge, --fml.mcpVersion, 20230612.114412, --mod, grasses, --all, --output, D:\Dysk\Minecraft Modding\Forge\1.20.1\Grasses\src\generated\resources, --existing, D:\Dysk\Minecraft Modding\Forge\1.20.1\Grasses\src\main\resources, --mixin.config, mixins.grasses.json]
[16lip2025 20:12:46.623] [main/INFO] [cpw.mods.modlauncher.Launcher/MODLAUNCHER]: ModLauncher 10.0.9+10.0.9+main.dcd20f30 starting: java version 17.0.10 by Eclipse Adoptium; OS Windows 10 arch amd64 version 10.0
[16lip2025 20:12:46.653] [main/DEBUG] [cpw.mods.modlauncher.LaunchServiceHandler/MODLAUNCHER]: Found launch services [fmlclientdev,forgeclient,minecraft,forgegametestserverdev,fmlserveruserdev,fmlclient,fmldatauserdev,forgeserverdev,forgeserveruserdev,forgeclientdev,forgeclientuserdev,forgeserver,forgedatadev,fmlserver,fmlclientuserdev,fmlserverdev,forgedatauserdev,testharness,forgegametestserveruserdev]
[16lip2025 20:12:46.671] [main/DEBUG] [cpw.mods.modlauncher.NameMappingServiceHandler/MODLAUNCHER]: Found naming services : [srgtomcp]
[16lip2025 20:12:46.692] [main/DEBUG] [cpw.mods.modlauncher.LaunchPluginHandler/MODLAUNCHER]: Found launch plugins: [mixin,eventbus,slf4jfixer,object_holder_definalize,runtime_enum_extender,capability_token_subclass,accesstransformer,runtimedistcleaner]
[16lip2025 20:12:46.708] [main/DEBUG] [cpw.mods.modlauncher.TransformationServicesHandler/MODLAUNCHER]: Discovering transformation services
[16lip2025 20:12:46.713] [main/DEBUG] [net.minecraftforge.fml.loading.FMLPaths/CORE]: Path GAMEDIR is D:\Dysk\Minecraft Modding\Forge\1.20.1\Grasses\run-data
[16lip2025 20:12:46.714] [main/DEBUG] [net.minecraftforge.fml.loading.FMLPaths/CORE]: Path MODSDIR is D:\Dysk\Minecraft Modding\Forge\1.20.1\Grasses\run-data\mods
[16lip2025 20:12:46.714] [main/DEBUG] [net.minecraftforge.fml.loading.FMLPaths/CORE]: Path CONFIGDIR is D:\Dysk\Minecraft Modding\Forge\1.20.1\Grasses\run-data\config
[16lip2025 20:12:46.714] [main/DEBUG] [net.minecraftforge.fml.loading.FMLPaths/CORE]: Path FMLCONFIG is D:\Dysk\Minecraft Modding\Forge\1.20.1\Grasses\run-data\config\fml.toml
[16lip2025 20:12:46.763] [main/DEBUG] [cpw.mods.modlauncher.TransformationServicesHandler/MODLAUNCHER]: Found additional transformation services from discovery services: 
[16lip2025 20:12:46.771] [main/INFO] [net.minecraftforge.fml.loading.ImmediateWindowHandler/]: ImmediateWindowProvider not loading because launch target is forgedatauserdev
[16lip2025 20:12:46.780] [main/DEBUG] [cpw.mods.modlauncher.TransformationServicesHandler/MODLAUNCHER]: Found transformer services : [mixin,fml]
[16lip2025 20:12:46.781] [main/DEBUG] [cpw.mods.modlauncher.TransformationServicesHandler/MODLAUNCHER]: Transformation services loading
[16lip2025 20:12:46.781] [main/DEBUG] [cpw.mods.modlauncher.TransformationServiceDecorator/MODLAUNCHER]: Loading service mixin
[16lip2025 20:12:46.782] [main/DEBUG] [cpw.mods.modlauncher.TransformationServiceDecorator/MODLAUNCHER]: Loaded service mixin
[16lip2025 20:12:46.782] [main/DEBUG] [cpw.mods.modlauncher.TransformationServiceDecorator/MODLAUNCHER]: Loading service fml
[16lip2025 20:12:46.784] [main/DEBUG] [net.minecraftforge.fml.loading.LauncherVersion/CORE]: Found FMLLauncher version 1.0
[16lip2025 20:12:46.784] [main/DEBUG] [net.minecraftforge.fml.loading.FMLLoader/CORE]: FML 1.0 loading
[16lip2025 20:12:46.785] [main/DEBUG] [net.minecraftforge.fml.loading.FMLLoader/CORE]: FML found ModLauncher version : 10.0.9+10.0.9+main.dcd20f30
[16lip2025 20:12:46.785] [main/DEBUG] [net.minecraftforge.fml.loading.FMLLoader/CORE]: Requesting CoreMods to not apply the fix for ASMAPI.findFirstInstructionBefore by default
[16lip2025 20:12:46.786] [main/DEBUG] [net.minecraftforge.fml.loading.FMLLoader/CORE]: FML found AccessTransformer version : 8.0.4+66+master.c09db6d7
[16lip2025 20:12:46.786] [main/DEBUG] [net.minecraftforge.fml.loading.FMLLoader/CORE]: FML found EventBus version : 6.0.5+6.0.5+master.eb8e549b
[16lip2025 20:12:46.787] [main/DEBUG] [net.minecraftforge.fml.loading.FMLLoader/CORE]: Found Runtime Dist Cleaner
[16lip2025 20:12:46.789] [main/DEBUG] [net.minecraftforge.coremod.CoreModEngine/]: CoreMods will preserve legacy behavior of ASMAPI.findFirstInstructionBefore for backwards-compatibility
[16lip2025 20:12:46.790] [main/DEBUG] [net.minecraftforge.fml.loading.FMLLoader/CORE]: FML found CoreMod version : 5.2.4
[16lip2025 20:12:46.791] [main/DEBUG] [net.minecraftforge.fml.loading.FMLLoader/CORE]: Found ForgeSPI package implementation version 7.0.1+7.0.1+master.d2b38bf6
[16lip2025 20:12:46.791] [main/DEBUG] [net.minecraftforge.fml.loading.FMLLoader/CORE]: Found ForgeSPI package specification 5
[16lip2025 20:12:46.791] [main/DEBUG] [cpw.mods.modlauncher.TransformationServiceDecorator/MODLAUNCHER]: Loaded service fml
[16lip2025 20:12:46.792] [main/DEBUG] [cpw.mods.modlauncher.TransformationServicesHandler/MODLAUNCHER]: Configuring option handling for services
[16lip2025 20:12:46.799] [main/DEBUG] [cpw.mods.modlauncher.TransformationServicesHandler/MODLAUNCHER]: Transformation services initializing
[16lip2025 20:12:46.800] [main/DEBUG] [cpw.mods.modlauncher.TransformationServiceDecorator/MODLAUNCHER]: Initializing transformation service mixin
[16lip2025 20:12:46.817] [main/DEBUG] [mixin/]: MixinService [ModLauncher] was successfully booted in cpw.mods.cl.ModuleClassLoader@a9cd3b1
[16lip2025 20:12:46.836] [main/INFO] [mixin/]: SpongePowered MIXIN Subsystem Version=0.8.5 Source=union:/C:/Users/Night/.gradle/caches/modules-2/files-2.1/org.spongepowered/mixin/0.8.5/9d1c0c3a304ae6697ecd477218fa61b850bf57fc/mixin-0.8.5.jar%23128!/ Service=ModLauncher Env=CLIENT
[16lip2025 20:12:46.840] [main/DEBUG] [mixin/]: Initialising Mixin Platform Manager
[16lip2025 20:12:46.841] [main/DEBUG] [mixin/]: Adding mixin platform agents for container ModLauncher Root Container(ModLauncher:4f56a0a2)
[16lip2025 20:12:46.842] [main/DEBUG] [mixin/]: Instancing new MixinPlatformAgentMinecraftForge for ModLauncher Root Container(ModLauncher:4f56a0a2)
[16lip2025 20:12:46.842] [main/DEBUG] [mixin/]: MixinPlatformAgentMinecraftForge rejected container ModLauncher Root Container(ModLauncher:4f56a0a2)
[16lip2025 20:12:46.843] [main/DEBUG] [mixin/]: Instancing new MixinPlatformAgentDefault for ModLauncher Root Container(ModLauncher:4f56a0a2)
[16lip2025 20:12:46.843] [main/DEBUG] [mixin/]: MixinPlatformAgentDefault accepted container ModLauncher Root Container(ModLauncher:4f56a0a2)
[16lip2025 20:12:46.846] [main/DEBUG] [cpw.mods.modlauncher.TransformationServiceDecorator/MODLAUNCHER]: Initialized transformation service mixin
[16lip2025 20:12:46.846] [main/DEBUG] [cpw.mods.modlauncher.TransformationServiceDecorator/MODLAUNCHER]: Initializing transformation service fml
[16lip2025 20:12:46.846] [main/DEBUG] [net.minecraftforge.fml.loading.FMLServiceProvider/CORE]: Setting up basic FML game directories
[16lip2025 20:12:46.847] [main/DEBUG] [net.minecraftforge.fml.loading.FMLPaths/CORE]: Path GAMEDIR is D:\Dysk\Minecraft Modding\Forge\1.20.1\Grasses\run-data
[16lip2025 20:12:46.847] [main/DEBUG] [net.minecraftforge.fml.loading.FMLPaths/CORE]: Path MODSDIR is D:\Dysk\Minecraft Modding\Forge\1.20.1\Grasses\run-data\mods
[16lip2025 20:12:46.847] [main/DEBUG] [net.minecraftforge.fml.loading.FMLPaths/CORE]: Path CONFIGDIR is D:\Dysk\Minecraft Modding\Forge\1.20.1\Grasses\run-data\config
[16lip2025 20:12:46.847] [main/DEBUG] [net.minecraftforge.fml.loading.FMLPaths/CORE]: Path FMLCONFIG is D:\Dysk\Minecraft Modding\Forge\1.20.1\Grasses\run-data\config\fml.toml
[16lip2025 20:12:46.848] [main/DEBUG] [net.minecraftforge.fml.loading.FMLServiceProvider/CORE]: Loading configuration
[16lip2025 20:12:46.853] [main/DEBUG] [net.minecraftforge.fml.loading.FMLServiceProvider/CORE]: Preparing ModFile
[16lip2025 20:12:46.856] [main/DEBUG] [net.minecraftforge.fml.loading.FMLServiceProvider/CORE]: Preparing launch handler
[16lip2025 20:12:46.856] [main/DEBUG] [net.minecraftforge.fml.loading.FMLLoader/CORE]: Using forgedatauserdev as launch service
[16lip2025 20:12:46.869] [main/DEBUG] [net.minecraftforge.fml.loading.FMLLoader/CORE]: Received command line version data  : VersionInfo[forgeVersion=47.3.22, mcVersion=1.20.1, mcpVersion=20230612.114412, forgeGroup=net.minecraftforge]
[16lip2025 20:12:46.871] [main/DEBUG] [cpw.mods.modlauncher.TransformationServiceDecorator/MODLAUNCHER]: Initialized transformation service fml
[16lip2025 20:12:46.871] [main/DEBUG] [cpw.mods.modlauncher.NameMappingServiceHandler/MODLAUNCHER]: Current naming domain is 'mcp'
[16lip2025 20:12:46.872] [main/DEBUG] [cpw.mods.modlauncher.NameMappingServiceHandler/MODLAUNCHER]: Identified name mapping providers {srg=srgtomcp:1234}
[16lip2025 20:12:46.873] [main/DEBUG] [cpw.mods.modlauncher.TransformationServicesHandler/MODLAUNCHER]: Transformation services begin scanning
[16lip2025 20:12:46.873] [main/DEBUG] [cpw.mods.modlauncher.TransformationServiceDecorator/MODLAUNCHER]: Beginning scan trigger - transformation service mixin
[16lip2025 20:12:46.874] [main/DEBUG] [cpw.mods.modlauncher.TransformationServiceDecorator/MODLAUNCHER]: End scan trigger - transformation service mixin
[16lip2025 20:12:46.874] [main/DEBUG] [cpw.mods.modlauncher.TransformationServiceDecorator/MODLAUNCHER]: Beginning scan trigger - transformation service fml
[16lip2025 20:12:46.874] [main/DEBUG] [net.minecraftforge.fml.loading.FMLServiceProvider/CORE]: Initiating mod scan
[16lip2025 20:12:46.888] [main/DEBUG] [net.minecraftforge.fml.loading.moddiscovery.ModListHandler/CORE]: Found mod coordinates from lists: []
[16lip2025 20:12:46.892] [main/DEBUG] [net.minecraftforge.fml.loading.moddiscovery.ModDiscoverer/CORE]: Found Mod Locators : (mods folder:null),(maven libs:null),(exploded directory:null),(minecraft:null),(userdev classpath:null)
[16lip2025 20:12:46.893] [main/DEBUG] [net.minecraftforge.fml.loading.moddiscovery.ModDiscoverer/CORE]: Found Dependency Locators : (JarInJar:null)
[16lip2025 20:12:46.903] [main/DEBUG] [net.minecraftforge.fml.loading.targets.CommonLaunchHandler/CORE]: Got mod coordinates grasses%%D:\Dysk\Minecraft Modding\Forge\1.20.1\Grasses\build\resources\main;grasses%%D:\Dysk\Minecraft Modding\Forge\1.20.1\Grasses\build\classes\java\main from env
[16lip2025 20:12:46.905] [main/DEBUG] [net.minecraftforge.fml.loading.targets.CommonLaunchHandler/CORE]: Found supplied mod coordinates [{grasses=[D:\Dysk\Minecraft Modding\Forge\1.20.1\Grasses\build\resources\main, D:\Dysk\Minecraft Modding\Forge\1.20.1\Grasses\build\classes\java\main]}]
[16lip2025 20:12:47.243] [main/DEBUG] [net.minecraftforge.fml.loading.moddiscovery.ModFileInfo/LOADING]: Found valid mod file forge-1.20.1-47.3.22_mapped_parchment_2023.09.03-1.20.1.jar with {minecraft} mods - versions {1.20.1}
[16lip2025 20:12:47.250] [main/DEBUG] [net.minecraftforge.fml.loading.moddiscovery.ModFileParser/LOADING]: Considering mod file candidate C:\Users\Night\.gradle\caches\modules-2\files-2.1\net.minecraftforge\javafmllanguage\1.20.1-47.3.22\9a1d96e9108940786d846c8cc0dac07100e79f56\javafmllanguage-1.20.1-47.3.22.jar
[16lip2025 20:12:47.251] [main/WARN] [net.minecraftforge.fml.loading.moddiscovery.ModFileParser/LOADING]: Mod file C:\Users\Night\.gradle\caches\modules-2\files-2.1\net.minecraftforge\javafmllanguage\1.20.1-47.3.22\9a1d96e9108940786d846c8cc0dac07100e79f56\javafmllanguage-1.20.1-47.3.22.jar is missing mods.toml file
[16lip2025 20:12:47.256] [main/DEBUG] [net.minecraftforge.fml.loading.moddiscovery.ModFileParser/LOADING]: Considering mod file candidate C:\Users\Night\.gradle\caches\modules-2\files-2.1\net.minecraftforge\lowcodelanguage\1.20.1-47.3.22\2529f2c27d8f8a63ee54efc81fdfc3cea2d43c8\lowcodelanguage-1.20.1-47.3.22.jar
[16lip2025 20:12:47.257] [main/WARN] [net.minecraftforge.fml.loading.moddiscovery.ModFileParser/LOADING]: Mod file C:\Users\Night\.gradle\caches\modules-2\files-2.1\net.minecraftforge\lowcodelanguage\1.20.1-47.3.22\2529f2c27d8f8a63ee54efc81fdfc3cea2d43c8\lowcodelanguage-1.20.1-47.3.22.jar is missing mods.toml file
[16lip2025 20:12:47.263] [main/DEBUG] [net.minecraftforge.fml.loading.moddiscovery.ModFileParser/LOADING]: Considering mod file candidate C:\Users\Night\.gradle\caches\modules-2\files-2.1\net.minecraftforge\mclanguage\1.20.1-47.3.22\2de14adfd8715f1956007499d8d75c6a4e6fa872\mclanguage-1.20.1-47.3.22.jar
[16lip2025 20:12:47.263] [main/WARN] [net.minecraftforge.fml.loading.moddiscovery.ModFileParser/LOADING]: Mod file C:\Users\Night\.gradle\caches\modules-2\files-2.1\net.minecraftforge\mclanguage\1.20.1-47.3.22\2de14adfd8715f1956007499d8d75c6a4e6fa872\mclanguage-1.20.1-47.3.22.jar is missing mods.toml file
[16lip2025 20:12:47.269] [main/DEBUG] [net.minecraftforge.fml.loading.moddiscovery.ModFileParser/LOADING]: Considering mod file candidate C:\Users\Night\.gradle\caches\modules-2\files-2.1\net.minecraftforge\fmlcore\1.20.1-47.3.22\cf26aeb747e0d323f8eed9b00ebfb783282d5837\fmlcore-1.20.1-47.3.22.jar
[16lip2025 20:12:47.269] [main/WARN] [net.minecraftforge.fml.loading.moddiscovery.ModFileParser/LOADING]: Mod file C:\Users\Night\.gradle\caches\modules-2\files-2.1\net.minecraftforge\fmlcore\1.20.1-47.3.22\cf26aeb747e0d323f8eed9b00ebfb783282d5837\fmlcore-1.20.1-47.3.22.jar is missing mods.toml file
[16lip2025 20:12:47.275] [main/DEBUG] [net.minecraftforge.fml.loading.moddiscovery.ModFileParser/LOADING]: Considering mod file candidate D:\Dysk\Minecraft Modding\Forge\1.20.1\Grasses\build\resources\main
[16lip2025 20:12:47.283] [main/DEBUG] [net.minecraftforge.fml.loading.moddiscovery.ModFileInfo/LOADING]: Found valid mod file main with {grasses} mods - versions {0.2.2-1.20.1}
[16lip2025 20:12:47.286] [main/DEBUG] [net.minecraftforge.fml.loading.moddiscovery.ModFileParser/LOADING]: Considering mod file candidate /
[16lip2025 20:12:47.289] [main/DEBUG] [net.minecraftforge.fml.loading.moddiscovery.ModFileInfo/LOADING]: Found valid mod file  with {forge} mods - versions {47.3.22}
[16lip2025 20:12:47.315] [main/DEBUG] [net.minecraftforge.fml.loading.moddiscovery.ModFileParser/LOADING]: Considering mod file candidate C:\Users\Night\.gradle\caches\forge_gradle\deobf_dependencies\curse\maven\jade-324717\5876199_mapped_parchment_2023.09.03-1.20.1\jade-324717-5876199_mapped_parchment_2023.09.03-1.20.1.jar
[16lip2025 20:12:47.320] [main/DEBUG] [net.minecraftforge.fml.loading.moddiscovery.ModFileInfo/LOADING]: Found valid mod file jade-324717-5876199_mapped_parchment_2023.09.03-1.20.1.jar with {jade} mods - versions {11.12.2+forge}
[16lip2025 20:12:47.329] [main/DEBUG] [net.minecraftforge.fml.loading.moddiscovery.ModFileParser/LOADING]: Considering mod file candidate C:\Users\Night\.gradle\caches\forge_gradle\deobf_dependencies\curse\maven\bop-220318\6028852_mapped_parchment_2023.09.03-1.20.1\bop-220318-6028852_mapped_parchment_2023.09.03-1.20.1.jar
[16lip2025 20:12:47.330] [main/DEBUG] [net.minecraftforge.fml.loading.moddiscovery.ModFileInfo/LOADING]: Found valid mod file bop-220318-6028852_mapped_parchment_2023.09.03-1.20.1.jar with {biomesoplenty} mods - versions {19.0.0.94}
[16lip2025 20:12:47.336] [main/DEBUG] [net.minecraftforge.fml.loading.moddiscovery.ModFileParser/LOADING]: Considering mod file candidate C:\Users\Night\.gradle\caches\forge_gradle\deobf_dependencies\curse\maven\terra-563928\5378180_mapped_parchment_2023.09.03-1.20.1\terra-563928-5378180_mapped_parchment_2023.09.03-1.20.1.jar
[16lip2025 20:12:47.337] [main/DEBUG] [net.minecraftforge.fml.loading.moddiscovery.ModFileInfo/LOADING]: Found valid mod file terra-563928-5378180_mapped_parchment_2023.09.03-1.20.1.jar with {terrablender} mods - versions {3.0.1.7}
[16lip2025 20:12:47.344] [main/DEBUG] [net.minecraftforge.fml.loading.moddiscovery.ModFileParser/LOADING]: Considering mod file candidate C:\Users\Night\.gradle\caches\forge_gradle\deobf_dependencies\curse\maven\glitch-955399\5787839_mapped_parchment_2023.09.03-1.20.1\glitch-955399-5787839_mapped_parchment_2023.09.03-1.20.1.jar
[16lip2025 20:12:47.345] [main/DEBUG] [net.minecraftforge.fml.loading.moddiscovery.ModFileInfo/LOADING]: Found valid mod file glitch-955399-5787839_mapped_parchment_2023.09.03-1.20.1.jar with {glitchcore} mods - versions {0.0.1.1}
[16lip2025 20:12:47.351] [main/DEBUG] [net.minecraftforge.fml.loading.moddiscovery.ModFileParser/LOADING]: Considering mod file candidate C:\Users\Night\.gradle\caches\forge_gradle\deobf_dependencies\curse\maven\dt-252818\6073982_mapped_parchment_2023.09.03-1.20.1\dt-252818-6073982_mapped_parchment_2023.09.03-1.20.1.jar
[16lip2025 20:12:47.353] [main/DEBUG] [net.minecraftforge.fml.loading.moddiscovery.ModFileInfo/LOADING]: Found valid mod file dt-252818-6073982_mapped_parchment_2023.09.03-1.20.1.jar with {dynamictrees} mods - versions {1.20.1-1.4.0-BETA01}
[16lip2025 20:12:47.359] [main/DEBUG] [net.minecraftforge.fml.loading.moddiscovery.ModFileParser/LOADING]: Considering mod file candidate C:\Users\Night\.gradle\caches\forge_gradle\deobf_dependencies\curse\maven\patchouli-306770\4966125_mapped_parchment_2023.09.03-1.20.1\patchouli-306770-4966125_mapped_parchment_2023.09.03-1.20.1.jar
[16lip2025 20:12:47.360] [main/DEBUG] [net.minecraftforge.fml.loading.moddiscovery.ModFileInfo/LOADING]: Found valid mod file patchouli-306770-4966125_mapped_parchment_2023.09.03-1.20.1.jar with {patchouli} mods - versions {1.20.1-84-FORGE}
[16lip2025 20:12:47.366] [main/DEBUG] [net.minecraftforge.fml.loading.moddiscovery.ModFileParser/LOADING]: Considering mod file candidate C:\Users\Night\.gradle\caches\forge_gradle\deobf_dependencies\curse\maven\endrem-404183\5598990_mapped_parchment_2023.09.03-1.20.1\endrem-404183-5598990_mapped_parchment_2023.09.03-1.20.1.jar
[16lip2025 20:12:47.367] [main/DEBUG] [net.minecraftforge.fml.loading.moddiscovery.ModFileInfo/LOADING]: Found valid mod file endrem-404183-5598990_mapped_parchment_2023.09.03-1.20.1.jar with {endrem} mods - versions {5.3.3-R-1.20.1}
[16lip2025 20:12:47.373] [main/DEBUG] [net.minecraftforge.fml.loading.moddiscovery.ModFileParser/LOADING]: Considering mod file candidate C:\Users\Night\.gradle\caches\forge_gradle\deobf_dependencies\curse\maven\nbt-514135\4578522_mapped_parchment_2023.09.03-1.20.1\nbt-514135-4578522_mapped_parchment_2023.09.03-1.20.1.jar
[16lip2025 20:12:47.374] [main/DEBUG] [net.minecraftforge.fml.loading.moddiscovery.ModFileInfo/LOADING]: Found valid mod file nbt-514135-4578522_mapped_parchment_2023.09.03-1.20.1.jar with {xaeronbtslotids} mods - versions {1.0.2}
[16lip2025 20:12:47.380] [main/DEBUG] [net.minecraftforge.fml.loading.moddiscovery.ModFileParser/LOADING]: Considering mod file candidate C:\Users\Night\.gradle\caches\forge_gradle\deobf_dependencies\mezz\jei\jei-1.20.1-forge\15.20.0.102_mapped_parchment_2023.09.03-1.20.1\jei-1.20.1-forge-15.20.0.102_mapped_parchment_2023.09.03-1.20.1.jar
[16lip2025 20:12:47.382] [main/DEBUG] [net.minecraftforge.fml.loading.moddiscovery.ModFileInfo/LOADING]: Found valid mod file jei-1.20.1-forge-15.20.0.102_mapped_parchment_2023.09.03-1.20.1.jar with {jei} mods - versions {15.20.0.102}
[16lip2025 20:12:47.388] [main/DEBUG] [net.minecraftforge.fml.loading.moddiscovery.ModFileParser/LOADING]: Considering mod file candidate C:\Users\Night\.gradle\caches\forge_gradle\deobf_dependencies\curse\maven\jade-324717\5876199_mapped_parchment_2023.09.03-1.20.1\jade-324717-5876199_mapped_parchment_2023.09.03-1.20.1.jar
[16lip2025 20:12:47.389] [main/DEBUG] [net.minecraftforge.fml.loading.moddiscovery.ModFileInfo/LOADING]: Found valid mod file jade-324717-5876199_mapped_parchment_2023.09.03-1.20.1.jar with {jade} mods - versions {11.12.2+forge}
[16lip2025 20:12:47.397] [main/DEBUG] [net.minecraftforge.fml.loading.moddiscovery.ModFileParser/LOADING]: Considering mod file candidate C:\Users\Night\.gradle\caches\forge_gradle\deobf_dependencies\curse\maven\bop-220318\6028852_mapped_parchment_2023.09.03-1.20.1\bop-220318-6028852_mapped_parchment_2023.09.03-1.20.1.jar
[16lip2025 20:12:47.398] [main/DEBUG] [net.minecraftforge.fml.loading.moddiscovery.ModFileInfo/LOADING]: Found valid mod file bop-220318-6028852_mapped_parchment_2023.09.03-1.20.1.jar with {biomesoplenty} mods - versions {19.0.0.94}
[16lip2025 20:12:47.404] [main/DEBUG] [net.minecraftforge.fml.loading.moddiscovery.ModFileParser/LOADING]: Considering mod file candidate C:\Users\Night\.gradle\caches\forge_gradle\deobf_dependencies\curse\maven\terra-563928\5378180_mapped_parchment_2023.09.03-1.20.1\terra-563928-5378180_mapped_parchment_2023.09.03-1.20.1.jar
[16lip2025 20:12:47.405] [main/DEBUG] [net.minecraftforge.fml.loading.moddiscovery.ModFileInfo/LOADING]: Found valid mod file terra-563928-5378180_mapped_parchment_2023.09.03-1.20.1.jar with {terrablender} mods - versions {3.0.1.7}
[16lip2025 20:12:47.411] [main/DEBUG] [net.minecraftforge.fml.loading.moddiscovery.ModFileParser/LOADING]: Considering mod file candidate C:\Users\Night\.gradle\caches\forge_gradle\deobf_dependencies\curse\maven\glitch-955399\5787839_mapped_parchment_2023.09.03-1.20.1\glitch-955399-5787839_mapped_parchment_2023.09.03-1.20.1.jar
[16lip2025 20:12:47.412] [main/DEBUG] [net.minecraftforge.fml.loading.moddiscovery.ModFileInfo/LOADING]: Found valid mod file glitch-955399-5787839_mapped_parchment_2023.09.03-1.20.1.jar with {glitchcore} mods - versions {0.0.1.1}
[16lip2025 20:12:47.419] [main/DEBUG] [net.minecraftforge.fml.loading.moddiscovery.ModFileParser/LOADING]: Considering mod file candidate C:\Users\Night\.gradle\caches\forge_gradle\deobf_dependencies\curse\maven\dt-252818\6073982_mapped_parchment_2023.09.03-1.20.1\dt-252818-6073982_mapped_parchment_2023.09.03-1.20.1.jar
[16lip2025 20:12:47.420] [main/DEBUG] [net.minecraftforge.fml.loading.moddiscovery.ModFileInfo/LOADING]: Found valid mod file dt-252818-6073982_mapped_parchment_2023.09.03-1.20.1.jar with {dynamictrees} mods - versions {1.20.1-1.4.0-BETA01}
[16lip2025 20:12:47.426] [main/DEBUG] [net.minecraftforge.fml.loading.moddiscovery.ModFileParser/LOADING]: Considering mod file candidate C:\Users\Night\.gradle\caches\forge_gradle\deobf_dependencies\curse\maven\patchouli-306770\4966125_mapped_parchment_2023.09.03-1.20.1\patchouli-306770-4966125_mapped_parchment_2023.09.03-1.20.1.jar
[16lip2025 20:12:47.427] [main/DEBUG] [net.minecraftforge.fml.loading.moddiscovery.ModFileInfo/LOADING]: Found valid mod file patchouli-306770-4966125_mapped_parchment_2023.09.03-1.20.1.jar with {patchouli} mods - versions {1.20.1-84-FORGE}
[16lip2025 20:12:47.433] [main/DEBUG] [net.minecraftforge.fml.loading.moddiscovery.ModFileParser/LOADING]: Considering mod file candidate C:\Users\Night\.gradle\caches\forge_gradle\deobf_dependencies\curse\maven\endrem-404183\5598990_mapped_parchment_2023.09.03-1.20.1\endrem-404183-5598990_mapped_parchment_2023.09.03-1.20.1.jar
[16lip2025 20:12:47.434] [main/DEBUG] [net.minecraftforge.fml.loading.moddiscovery.ModFileInfo/LOADING]: Found valid mod file endrem-404183-5598990_mapped_parchment_2023.09.03-1.20.1.jar with {endrem} mods - versions {5.3.3-R-1.20.1}
[16lip2025 20:12:47.440] [main/DEBUG] [net.minecraftforge.fml.loading.moddiscovery.ModFileParser/LOADING]: Considering mod file candidate C:\Users\Night\.gradle\caches\forge_gradle\deobf_dependencies\curse\maven\nbt-514135\4578522_mapped_parchment_2023.09.03-1.20.1\nbt-514135-4578522_mapped_parchment_2023.09.03-1.20.1.jar
[16lip2025 20:12:47.441] [main/DEBUG] [net.minecraftforge.fml.loading.moddiscovery.ModFileInfo/LOADING]: Found valid mod file nbt-514135-4578522_mapped_parchment_2023.09.03-1.20.1.jar with {xaeronbtslotids} mods - versions {1.0.2}
[16lip2025 20:12:47.447] [main/DEBUG] [net.minecraftforge.fml.loading.moddiscovery.ModFileParser/LOADING]: Considering mod file candidate C:\Users\Night\.gradle\caches\forge_gradle\deobf_dependencies\mezz\jei\jei-1.20.1-forge\15.20.0.102_mapped_parchment_2023.09.03-1.20.1\jei-1.20.1-forge-15.20.0.102_mapped_parchment_2023.09.03-1.20.1.jar
[16lip2025 20:12:47.448] [main/DEBUG] [net.minecraftforge.fml.loading.moddiscovery.ModFileInfo/LOADING]: Found valid mod file jei-1.20.1-forge-15.20.0.102_mapped_parchment_2023.09.03-1.20.1.jar with {jei} mods - versions {15.20.0.102}
[16lip2025 20:12:47.454] [main/DEBUG] [net.minecraftforge.fml.loading.UniqueModListBuilder/]: Found 2 mods for first modid terrablender, selecting most recent based on version data
[16lip2025 20:12:47.455] [main/DEBUG] [net.minecraftforge.fml.loading.UniqueModListBuilder/]: Selected file terra-563928-5378180_mapped_parchment_2023.09.03-1.20.1.jar for modid terrablender with version 3.0.1.7
[16lip2025 20:12:47.456] [main/DEBUG] [net.minecraftforge.fml.loading.UniqueModListBuilder/]: Found 2 mods for first modid glitchcore, selecting most recent based on version data
[16lip2025 20:12:47.456] [main/DEBUG] [net.minecraftforge.fml.loading.UniqueModListBuilder/]: Selected file glitch-955399-5787839_mapped_parchment_2023.09.03-1.20.1.jar for modid glitchcore with version 0.0.1.1
[16lip2025 20:12:47.456] [main/DEBUG] [net.minecraftforge.fml.loading.UniqueModListBuilder/]: Found 2 mods for first modid biomesoplenty, selecting most recent based on version data
[16lip2025 20:12:47.456] [main/DEBUG] [net.minecraftforge.fml.loading.UniqueModListBuilder/]: Selected file bop-220318-6028852_mapped_parchment_2023.09.03-1.20.1.jar for modid biomesoplenty with version 19.0.0.94
[16lip2025 20:12:47.456] [main/DEBUG] [net.minecraftforge.fml.loading.UniqueModListBuilder/]: Found 2 mods for first modid endrem, selecting most recent based on version data
[16lip2025 20:12:47.456] [main/DEBUG] [net.minecraftforge.fml.loading.UniqueModListBuilder/]: Selected file endrem-404183-5598990_mapped_parchment_2023.09.03-1.20.1.jar for modid endrem with version 5.3.3-R-1.20.1
[16lip2025 20:12:47.456] [main/DEBUG] [net.minecraftforge.fml.loading.UniqueModListBuilder/]: Found 2 mods for first modid patchouli, selecting most recent based on version data
[16lip2025 20:12:47.457] [main/DEBUG] [net.minecraftforge.fml.loading.UniqueModListBuilder/]: Selected file patchouli-306770-4966125_mapped_parchment_2023.09.03-1.20.1.jar for modid patchouli with version 1.20.1-84-FORGE
[16lip2025 20:12:47.457] [main/DEBUG] [net.minecraftforge.fml.loading.UniqueModListBuilder/]: Found 2 mods for first modid dynamictrees, selecting most recent based on version data
[16lip2025 20:12:47.457] [main/DEBUG] [net.minecraftforge.fml.loading.UniqueModListBuilder/]: Selected file dt-252818-6073982_mapped_parchment_2023.09.03-1.20.1.jar for modid dynamictrees with version 1.20.1-1.4.0-BETA01
[16lip2025 20:12:47.457] [main/DEBUG] [net.minecraftforge.fml.loading.UniqueModListBuilder/]: Found 2 mods for first modid jade, selecting most recent based on version data
[16lip2025 20:12:47.457] [main/DEBUG] [net.minecraftforge.fml.loading.UniqueModListBuilder/]: Selected file jade-324717-5876199_mapped_parchment_2023.09.03-1.20.1.jar for modid jade with version 11.12.2+forge
[16lip2025 20:12:47.457] [main/DEBUG] [net.minecraftforge.fml.loading.UniqueModListBuilder/]: Found 2 mods for first modid xaeronbtslotids, selecting most recent based on version data
[16lip2025 20:12:47.458] [main/DEBUG] [net.minecraftforge.fml.loading.UniqueModListBuilder/]: Selected file nbt-514135-4578522_mapped_parchment_2023.09.03-1.20.1.jar for modid xaeronbtslotids with version 1.0.2
[16lip2025 20:12:47.458] [main/DEBUG] [net.minecraftforge.fml.loading.UniqueModListBuilder/]: Found 2 mods for first modid jei, selecting most recent based on version data
[16lip2025 20:12:47.458] [main/DEBUG] [net.minecraftforge.fml.loading.UniqueModListBuilder/]: Selected file jei-1.20.1-forge-15.20.0.102_mapped_parchment_2023.09.03-1.20.1.jar for modid jei with version 15.20.0.102
[16lip2025 20:12:47.465] [main/DEBUG] [net.minecraftforge.fml.loading.moddiscovery.AbstractJarFileDependencyLocator/]: Failed to load resource META-INF\jarjar\metadata.json from forge-1.20.1-47.3.22_mapped_parchment_2023.09.03-1.20.1.jar, it does not contain dependency information.
[16lip2025 20:12:47.466] [main/DEBUG] [net.minecraftforge.fml.loading.moddiscovery.AbstractJarFileDependencyLocator/]: Failed to load resource META-INF\jarjar\metadata.json from main, it does not contain dependency information.
[16lip2025 20:12:47.466] [main/DEBUG] [net.minecraftforge.fml.loading.moddiscovery.AbstractJarFileDependencyLocator/]: Failed to load resource META-INF\jarjar\metadata.json from terra-563928-5378180_mapped_parchment_2023.09.03-1.20.1.jar, it does not contain dependency information.
[16lip2025 20:12:47.466] [main/DEBUG] [net.minecraftforge.fml.loading.moddiscovery.AbstractJarFileDependencyLocator/]: Failed to load resource META-INF\jarjar\metadata.json from glitch-955399-5787839_mapped_parchment_2023.09.03-1.20.1.jar, it does not contain dependency information.
[16lip2025 20:12:47.467] [main/DEBUG] [net.minecraftforge.fml.loading.moddiscovery.AbstractJarFileDependencyLocator/]: Failed to load resource META-INF\jarjar\metadata.json from , it does not contain dependency information.
[16lip2025 20:12:47.467] [main/DEBUG] [net.minecraftforge.fml.loading.moddiscovery.AbstractJarFileDependencyLocator/]: Failed to load resource META-INF\jarjar\metadata.json from bop-220318-6028852_mapped_parchment_2023.09.03-1.20.1.jar, it does not contain dependency information.
[16lip2025 20:12:47.467] [main/DEBUG] [net.minecraftforge.fml.loading.moddiscovery.AbstractJarFileDependencyLocator/]: Failed to load resource META-INF\jarjar\metadata.json from endrem-404183-5598990_mapped_parchment_2023.09.03-1.20.1.jar, it does not contain dependency information.
[16lip2025 20:12:47.467] [main/DEBUG] [net.minecraftforge.fml.loading.moddiscovery.AbstractJarFileDependencyLocator/]: Failed to load resource META-INF\jarjar\metadata.json from patchouli-306770-4966125_mapped_parchment_2023.09.03-1.20.1.jar, it does not contain dependency information.
[16lip2025 20:12:47.467] [main/DEBUG] [net.minecraftforge.fml.loading.moddiscovery.AbstractJarFileDependencyLocator/]: Failed to load resource META-INF\jarjar\metadata.json from dt-252818-6073982_mapped_parchment_2023.09.03-1.20.1.jar, it does not contain dependency information.
[16lip2025 20:12:47.467] [main/DEBUG] [net.minecraftforge.fml.loading.moddiscovery.AbstractJarFileDependencyLocator/]: Failed to load resource META-INF\jarjar\metadata.json from jade-324717-5876199_mapped_parchment_2023.09.03-1.20.1.jar, it does not contain dependency information.
[16lip2025 20:12:47.468] [main/DEBUG] [net.minecraftforge.fml.loading.moddiscovery.AbstractJarFileDependencyLocator/]: Failed to load resource META-INF\jarjar\metadata.json from nbt-514135-4578522_mapped_parchment_2023.09.03-1.20.1.jar, it does not contain dependency information.
[16lip2025 20:12:47.468] [main/DEBUG] [net.minecraftforge.fml.loading.moddiscovery.AbstractJarFileDependencyLocator/]: Failed to load resource META-INF\jarjar\metadata.json from jei-1.20.1-forge-15.20.0.102_mapped_parchment_2023.09.03-1.20.1.jar, it does not contain dependency information.
[16lip2025 20:12:47.468] [main/DEBUG] [net.minecraftforge.fml.loading.moddiscovery.AbstractJarFileDependencyLocator/]: Failed to load resource META-INF\jarjar\metadata.json from mclanguage-1.20.1-47.3.22.jar, it does not contain dependency information.
[16lip2025 20:12:47.468] [main/DEBUG] [net.minecraftforge.fml.loading.moddiscovery.AbstractJarFileDependencyLocator/]: Failed to load resource META-INF\jarjar\metadata.json from javafmllanguage-1.20.1-47.3.22.jar, it does not contain dependency information.
[16lip2025 20:12:47.468] [main/DEBUG] [net.minecraftforge.fml.loading.moddiscovery.AbstractJarFileDependencyLocator/]: Failed to load resource META-INF\jarjar\metadata.json from fmlcore-1.20.1-47.3.22.jar, it does not contain dependency information.
[16lip2025 20:12:47.469] [main/DEBUG] [net.minecraftforge.fml.loading.moddiscovery.AbstractJarFileDependencyLocator/]: Failed to load resource META-INF\jarjar\metadata.json from lowcodelanguage-1.20.1-47.3.22.jar, it does not contain dependency information.
[16lip2025 20:12:47.500] [main/INFO] [net.minecraftforge.fml.loading.moddiscovery.JarInJarDependencyLocator/]: No dependencies to load found. Skipping!
[16lip2025 20:12:47.503] [main/DEBUG] [net.minecraftforge.fml.loading.moddiscovery.ModFileInfo/LOADING]: Found valid mod file forge-1.20.1-47.3.22_mapped_parchment_2023.09.03-1.20.1.jar with {minecraft} mods - versions {1.20.1}
[16lip2025 20:12:47.505] [main/DEBUG] [net.minecraftforge.fml.loading.moddiscovery.ModFile/LOADING]: Loading mod file C:\Users\Night\.gradle\caches\forge_gradle\minecraft_user_repo\net\minecraftforge\forge\1.20.1-47.3.22_mapped_parchment_2023.09.03-1.20.1\forge-1.20.1-47.3.22_mapped_parchment_2023.09.03-1.20.1.jar with languages [LanguageSpec[languageName=minecraft, acceptedVersions=1]]
[16lip2025 20:12:47.506] [main/DEBUG] [net.minecraftforge.fml.loading.moddiscovery.ModFileParser/LOADING]: Considering mod file candidate D:\Dysk\Minecraft Modding\Forge\1.20.1\Grasses\build\resources\main
[16lip2025 20:12:47.508] [main/DEBUG] [net.minecraftforge.fml.loading.moddiscovery.ModFileInfo/LOADING]: Found valid mod file main with {grasses} mods - versions {0.2.2-1.20.1}
[16lip2025 20:12:47.508] [main/DEBUG] [net.minecraftforge.fml.loading.moddiscovery.ModFile/LOADING]: Loading mod file D:\Dysk\Minecraft Modding\Forge\1.20.1\Grasses\build\resources\main with languages [LanguageSpec[languageName=javafml, acceptedVersions=[47,)]]
[16lip2025 20:12:47.509] [main/DEBUG] [net.minecraftforge.fml.loading.moddiscovery.ModFileParser/LOADING]: Considering mod file candidate C:\Users\Night\.gradle\caches\forge_gradle\deobf_dependencies\curse\maven\terra-563928\5378180_mapped_parchment_2023.09.03-1.20.1\terra-563928-5378180_mapped_parchment_2023.09.03-1.20.1.jar
[16lip2025 20:12:47.510] [main/DEBUG] [net.minecraftforge.fml.loading.moddiscovery.ModFileInfo/LOADING]: Found valid mod file terra-563928-5378180_mapped_parchment_2023.09.03-1.20.1.jar with {terrablender} mods - versions {3.0.1.7}
[16lip2025 20:12:47.510] [main/DEBUG] [net.minecraftforge.fml.loading.moddiscovery.ModFile/LOADING]: Loading mod file C:\Users\Night\.gradle\caches\forge_gradle\deobf_dependencies\curse\maven\terra-563928\5378180_mapped_parchment_2023.09.03-1.20.1\terra-563928-5378180_mapped_parchment_2023.09.03-1.20.1.jar with languages [LanguageSpec[languageName=javafml, acceptedVersions=[47,)]]
[16lip2025 20:12:47.510] [main/DEBUG] [net.minecraftforge.fml.loading.moddiscovery.ModFileParser/LOADING]: Considering mod file candidate C:\Users\Night\.gradle\caches\forge_gradle\deobf_dependencies\curse\maven\glitch-955399\5787839_mapped_parchment_2023.09.03-1.20.1\glitch-955399-5787839_mapped_parchment_2023.09.03-1.20.1.jar
[16lip2025 20:12:47.511] [main/DEBUG] [net.minecraftforge.fml.loading.moddiscovery.ModFileInfo/LOADING]: Found valid mod file glitch-955399-5787839_mapped_parchment_2023.09.03-1.20.1.jar with {glitchcore} mods - versions {0.0.1.1}
[16lip2025 20:12:47.511] [main/DEBUG] [net.minecraftforge.fml.loading.moddiscovery.ModFile/LOADING]: Loading mod file C:\Users\Night\.gradle\caches\forge_gradle\deobf_dependencies\curse\maven\glitch-955399\5787839_mapped_parchment_2023.09.03-1.20.1\glitch-955399-5787839_mapped_parchment_2023.09.03-1.20.1.jar with languages [LanguageSpec[languageName=javafml, acceptedVersions=[47,)]]
[16lip2025 20:12:47.511] [main/DEBUG] [net.minecraftforge.fml.loading.moddiscovery.ModFileParser/LOADING]: Considering mod file candidate /
[16lip2025 20:12:47.512] [main/DEBUG] [net.minecraftforge.fml.loading.moddiscovery.ModFileInfo/LOADING]: Found valid mod file  with {forge} mods - versions {47.3.22}
[16lip2025 20:12:47.512] [main/DEBUG] [net.minecraftforge.fml.loading.moddiscovery.ModFile/LOADING]: Loading mod file / with languages [LanguageSpec[languageName=javafml, acceptedVersions=[24,]]]
[16lip2025 20:12:47.550] [main/DEBUG] [net.minecraftforge.fml.loading.moddiscovery.ModFileParser/LOADING]: Found coremod field_to_method with Javascript path coremods/field_to_method.js
[16lip2025 20:12:47.550] [main/DEBUG] [net.minecraftforge.fml.loading.moddiscovery.ModFileParser/LOADING]: Found coremod field_to_instanceof with Javascript path coremods/field_to_instanceof.js
[16lip2025 20:12:47.550] [main/DEBUG] [net.minecraftforge.fml.loading.moddiscovery.ModFileParser/LOADING]: Found coremod add_bouncer_method with Javascript path coremods/add_bouncer_method.js
[16lip2025 20:12:47.550] [main/DEBUG] [net.minecraftforge.fml.loading.moddiscovery.ModFileParser/LOADING]: Found coremod method_redirector with Javascript path coremods/method_redirector.js
[16lip2025 20:12:47.551] [main/DEBUG] [net.minecraftforge.fml.loading.moddiscovery.ModFile/LOADING]: Found coremod coremods/field_to_method.js
[16lip2025 20:12:47.551] [main/DEBUG] [net.minecraftforge.fml.loading.moddiscovery.ModFile/LOADING]: Found coremod coremods/field_to_instanceof.js
[16lip2025 20:12:47.551] [main/DEBUG] [net.minecraftforge.fml.loading.moddiscovery.ModFile/LOADING]: Found coremod coremods/add_bouncer_method.js
[16lip2025 20:12:47.551] [main/DEBUG] [net.minecraftforge.fml.loading.moddiscovery.ModFile/LOADING]: Found coremod coremods/method_redirector.js
[16lip2025 20:12:47.551] [main/DEBUG] [net.minecraftforge.fml.loading.moddiscovery.ModFileParser/LOADING]: Considering mod file candidate C:\Users\Night\.gradle\caches\forge_gradle\deobf_dependencies\curse\maven\bop-220318\6028852_mapped_parchment_2023.09.03-1.20.1\bop-220318-6028852_mapped_parchment_2023.09.03-1.20.1.jar
[16lip2025 20:12:47.552] [main/DEBUG] [net.minecraftforge.fml.loading.moddiscovery.ModFileInfo/LOADING]: Found valid mod file bop-220318-6028852_mapped_parchment_2023.09.03-1.20.1.jar with {biomesoplenty} mods - versions {19.0.0.94}
[16lip2025 20:12:47.552] [main/DEBUG] [net.minecraftforge.fml.loading.moddiscovery.ModFile/LOADING]: Loading mod file C:\Users\Night\.gradle\caches\forge_gradle\deobf_dependencies\curse\maven\bop-220318\6028852_mapped_parchment_2023.09.03-1.20.1\bop-220318-6028852_mapped_parchment_2023.09.03-1.20.1.jar with languages [LanguageSpec[languageName=javafml, acceptedVersions=[47,)]]
[16lip2025 20:12:47.552] [main/DEBUG] [net.minecraftforge.fml.loading.moddiscovery.ModFileParser/LOADING]: Considering mod file candidate C:\Users\Night\.gradle\caches\forge_gradle\deobf_dependencies\curse\maven\jade-324717\5876199_mapped_parchment_2023.09.03-1.20.1\jade-324717-5876199_mapped_parchment_2023.09.03-1.20.1.jar
[16lip2025 20:12:47.553] [main/DEBUG] [net.minecraftforge.fml.loading.moddiscovery.ModFileInfo/LOADING]: Found valid mod file jade-324717-5876199_mapped_parchment_2023.09.03-1.20.1.jar with {jade} mods - versions {11.12.2+forge}
[16lip2025 20:12:47.553] [main/DEBUG] [net.minecraftforge.fml.loading.moddiscovery.ModFile/LOADING]: Loading mod file C:\Users\Night\.gradle\caches\forge_gradle\deobf_dependencies\curse\maven\jade-324717\5876199_mapped_parchment_2023.09.03-1.20.1\jade-324717-5876199_mapped_parchment_2023.09.03-1.20.1.jar with languages [LanguageSpec[languageName=javafml, acceptedVersions=[46,)]]
[16lip2025 20:12:47.554] [main/DEBUG] [net.minecraftforge.fml.loading.moddiscovery.ModFileParser/LOADING]: Considering mod file candidate C:\Users\Night\.gradle\caches\forge_gradle\deobf_dependencies\curse\maven\dt-252818\6073982_mapped_parchment_2023.09.03-1.20.1\dt-252818-6073982_mapped_parchment_2023.09.03-1.20.1.jar
[16lip2025 20:12:47.554] [main/DEBUG] [net.minecraftforge.fml.loading.moddiscovery.ModFileInfo/LOADING]: Found valid mod file dt-252818-6073982_mapped_parchment_2023.09.03-1.20.1.jar with {dynamictrees} mods - versions {1.20.1-1.4.0-BETA01}
[16lip2025 20:12:47.555] [main/DEBUG] [net.minecraftforge.fml.loading.moddiscovery.ModFile/LOADING]: Loading mod file C:\Users\Night\.gradle\caches\forge_gradle\deobf_dependencies\curse\maven\dt-252818\6073982_mapped_parchment_2023.09.03-1.20.1\dt-252818-6073982_mapped_parchment_2023.09.03-1.20.1.jar with languages [LanguageSpec[languageName=javafml, acceptedVersions=[47,)]]
[16lip2025 20:12:47.555] [main/DEBUG] [net.minecraftforge.fml.loading.moddiscovery.ModFileParser/LOADING]: Considering mod file candidate C:\Users\Night\.gradle\caches\forge_gradle\deobf_dependencies\curse\maven\patchouli-306770\4966125_mapped_parchment_2023.09.03-1.20.1\patchouli-306770-4966125_mapped_parchment_2023.09.03-1.20.1.jar
[16lip2025 20:12:47.556] [main/DEBUG] [net.minecraftforge.fml.loading.moddiscovery.ModFileInfo/LOADING]: Found valid mod file patchouli-306770-4966125_mapped_parchment_2023.09.03-1.20.1.jar with {patchouli} mods - versions {1.20.1-84-FORGE}
[16lip2025 20:12:47.556] [main/DEBUG] [net.minecraftforge.fml.loading.moddiscovery.ModFile/LOADING]: Loading mod file C:\Users\Night\.gradle\caches\forge_gradle\deobf_dependencies\curse\maven\patchouli-306770\4966125_mapped_parchment_2023.09.03-1.20.1\patchouli-306770-4966125_mapped_parchment_2023.09.03-1.20.1.jar with languages [LanguageSpec[languageName=javafml, acceptedVersions=[47,)]]
[16lip2025 20:12:47.556] [main/DEBUG] [net.minecraftforge.fml.loading.moddiscovery.ModFileParser/LOADING]: Considering mod file candidate C:\Users\Night\.gradle\caches\forge_gradle\deobf_dependencies\curse\maven\endrem-404183\5598990_mapped_parchment_2023.09.03-1.20.1\endrem-404183-5598990_mapped_parchment_2023.09.03-1.20.1.jar
[16lip2025 20:12:47.557] [main/DEBUG] [net.minecraftforge.fml.loading.moddiscovery.ModFileInfo/LOADING]: Found valid mod file endrem-404183-5598990_mapped_parchment_2023.09.03-1.20.1.jar with {endrem} mods - versions {5.3.3-R-1.20.1}
[16lip2025 20:12:47.557] [main/DEBUG] [net.minecraftforge.fml.loading.moddiscovery.ModFile/LOADING]: Loading mod file C:\Users\Night\.gradle\caches\forge_gradle\deobf_dependencies\curse\maven\endrem-404183\5598990_mapped_parchment_2023.09.03-1.20.1\endrem-404183-5598990_mapped_parchment_2023.09.03-1.20.1.jar with languages [LanguageSpec[languageName=javafml, acceptedVersions=[46,)]]
[16lip2025 20:12:47.558] [main/DEBUG] [net.minecraftforge.fml.loading.moddiscovery.ModFileParser/LOADING]: Considering mod file candidate C:\Users\Night\.gradle\caches\forge_gradle\deobf_dependencies\curse\maven\nbt-514135\4578522_mapped_parchment_2023.09.03-1.20.1\nbt-514135-4578522_mapped_parchment_2023.09.03-1.20.1.jar
[16lip2025 20:12:47.558] [main/DEBUG] [net.minecraftforge.fml.loading.moddiscovery.ModFileInfo/LOADING]: Found valid mod file nbt-514135-4578522_mapped_parchment_2023.09.03-1.20.1.jar with {xaeronbtslotids} mods - versions {1.0.2}
[16lip2025 20:12:47.558] [main/DEBUG] [net.minecraftforge.fml.loading.moddiscovery.ModFile/LOADING]: Loading mod file C:\Users\Night\.gradle\caches\forge_gradle\deobf_dependencies\curse\maven\nbt-514135\4578522_mapped_parchment_2023.09.03-1.20.1\nbt-514135-4578522_mapped_parchment_2023.09.03-1.20.1.jar with languages [LanguageSpec[languageName=javafml, acceptedVersions=[41,)]]
[16lip2025 20:12:47.559] [main/DEBUG] [net.minecraftforge.fml.loading.moddiscovery.ModFileParser/LOADING]: Considering mod file candidate C:\Users\Night\.gradle\caches\forge_gradle\deobf_dependencies\mezz\jei\jei-1.20.1-forge\15.20.0.102_mapped_parchment_2023.09.03-1.20.1\jei-1.20.1-forge-15.20.0.102_mapped_parchment_2023.09.03-1.20.1.jar
[16lip2025 20:12:47.559] [main/DEBUG] [net.minecraftforge.fml.loading.moddiscovery.ModFileInfo/LOADING]: Found valid mod file jei-1.20.1-forge-15.20.0.102_mapped_parchment_2023.09.03-1.20.1.jar with {jei} mods - versions {15.20.0.102}
[16lip2025 20:12:47.560] [main/DEBUG] [net.minecraftforge.fml.loading.moddiscovery.ModFile/LOADING]: Loading mod file C:\Users\Night\.gradle\caches\forge_gradle\deobf_dependencies\mezz\jei\jei-1.20.1-forge\15.20.0.102_mapped_parchment_2023.09.03-1.20.1\jei-1.20.1-forge-15.20.0.102_mapped_parchment_2023.09.03-1.20.1.jar with languages [LanguageSpec[languageName=javafml, acceptedVersions=[47,)]]
[16lip2025 20:12:47.561] [main/DEBUG] [cpw.mods.modlauncher.TransformationServiceDecorator/MODLAUNCHER]: End scan trigger - transformation service fml
[16lip2025 20:12:47.572] [main/DEBUG] [net.minecraftforge.fml.loading.LanguageLoadingProvider/CORE]: Found 3 language providers
[16lip2025 20:12:47.573] [main/DEBUG] [net.minecraftforge.fml.loading.LanguageLoadingProvider/CORE]: Found language provider minecraft, version 1.0
[16lip2025 20:12:47.574] [main/DEBUG] [net.minecraftforge.fml.loading.LanguageLoadingProvider/CORE]: Found language provider lowcodefml, version 47
[16lip2025 20:12:47.574] [main/DEBUG] [net.minecraftforge.fml.loading.LanguageLoadingProvider/CORE]: Found language provider javafml, version 47
[16lip2025 20:12:47.579] [main/DEBUG] [net.minecraftforge.fml.loading.ModSorter/]: Configured system mods: [minecraft, forge]
[16lip2025 20:12:47.580] [main/DEBUG] [net.minecraftforge.fml.loading.ModSorter/]: Found system mod: minecraft
[16lip2025 20:12:47.580] [main/DEBUG] [net.minecraftforge.fml.loading.ModSorter/]: Found system mod: forge
[16lip2025 20:12:47.582] [main/DEBUG] [net.minecraftforge.fml.loading.ModSorter/LOADING]: Found 18 mod requirements (18 mandatory, 0 optional)
[16lip2025 20:12:47.583] [main/DEBUG] [net.minecraftforge.fml.loading.ModSorter/LOADING]: Found 0 mod requirements missing (0 mandatory, 0 optional)
[16lip2025 20:12:48.052] [main/DEBUG] [net.minecraftforge.fml.loading.MCPNamingService/CORE]: Loaded 34318 method mappings from methods.csv
[16lip2025 20:12:48.081] [main/DEBUG] [net.minecraftforge.fml.loading.MCPNamingService/CORE]: Loaded 31014 field mappings from fields.csv
[16lip2025 20:12:48.154] [main/DEBUG] [cpw.mods.modlauncher.TransformationServicesHandler/MODLAUNCHER]: Transformation services loading transformers
[16lip2025 20:12:48.154] [main/DEBUG] [cpw.mods.modlauncher.TransformationServiceDecorator/MODLAUNCHER]: Initializing transformers for transformation service mixin
[16lip2025 20:12:48.155] [main/DEBUG] [cpw.mods.modlauncher.TransformationServiceDecorator/MODLAUNCHER]: Initialized transformers for transformation service mixin
[16lip2025 20:12:48.156] [main/DEBUG] [cpw.mods.modlauncher.TransformationServiceDecorator/MODLAUNCHER]: Initializing transformers for transformation service fml
[16lip2025 20:12:48.156] [main/DEBUG] [net.minecraftforge.fml.loading.FMLServiceProvider/CORE]: Loading coremod transformers
[16lip2025 20:12:48.156] [main/DEBUG] [net.minecraftforge.coremod.CoreModEngine/COREMOD]: Loading CoreMod from coremods/field_to_method.js
[16lip2025 20:12:48.357] [main/DEBUG] [net.minecraftforge.coremod.CoreModEngine/COREMOD]: CoreMod loaded successfully
[16lip2025 20:12:48.357] [main/DEBUG] [net.minecraftforge.coremod.CoreModEngine/COREMOD]: Loading CoreMod from coremods/field_to_instanceof.js
[16lip2025 20:12:48.437] [main/DEBUG] [net.minecraftforge.coremod.CoreModEngine/COREMOD]: CoreMod loaded successfully
[16lip2025 20:12:48.438] [main/DEBUG] [net.minecraftforge.coremod.CoreModEngine/COREMOD]: Loading CoreMod from coremods/add_bouncer_method.js
[16lip2025 20:12:48.480] [main/DEBUG] [net.minecraftforge.coremod.CoreModEngine/COREMOD]: CoreMod loaded successfully
[16lip2025 20:12:48.481] [main/DEBUG] [net.minecraftforge.coremod.CoreModEngine/COREMOD]: Loading CoreMod from coremods/method_redirector.js
[16lip2025 20:12:48.543] [main/DEBUG] [net.minecraftforge.coremod.CoreModEngine/COREMOD]: CoreMod loaded successfully
[16lip2025 20:12:48.557] [main/DEBUG] [cpw.mods.modlauncher.TransformStore/MODLAUNCHER]: Adding transformer net.minecraftforge.coremod.transformer.CoreModClassTransformer@66f28a1f to Target : CLASS {Lnet/minecraft/world/level/biome/Biome;} {} {V}
[16lip2025 20:12:48.559] [main/DEBUG] [cpw.mods.modlauncher.TransformStore/MODLAUNCHER]: Adding transformer net.minecraftforge.coremod.transformer.CoreModClassTransformer@62b790a5 to Target : CLASS {Lnet/minecraft/world/level/levelgen/structure/Structure;} {} {V}
[16lip2025 20:12:48.559] [main/DEBUG] [cpw.mods.modlauncher.TransformStore/MODLAUNCHER]: Adding transformer net.minecraftforge.coremod.transformer.CoreModClassTransformer@7c52fc81 to Target : CLASS {Lnet/minecraft/world/effect/MobEffectInstance;} {} {V}
[16lip2025 20:12:48.560] [main/DEBUG] [cpw.mods.modlauncher.TransformStore/MODLAUNCHER]: Adding transformer net.minecraftforge.coremod.transformer.CoreModClassTransformer@7523a3dc to Target : CLASS {Lnet/minecraft/world/level/block/LiquidBlock;} {} {V}
[16lip2025 20:12:48.560] [main/DEBUG] [cpw.mods.modlauncher.TransformStore/MODLAUNCHER]: Adding transformer net.minecraftforge.coremod.transformer.CoreModClassTransformer@2806d6da to Target : CLASS {Lnet/minecraft/world/item/BucketItem;} {} {V}
[16lip2025 20:12:48.560] [main/DEBUG] [cpw.mods.modlauncher.TransformStore/MODLAUNCHER]: Adding transformer net.minecraftforge.coremod.transformer.CoreModClassTransformer@766a49c7 to Target : CLASS {Lnet/minecraft/world/level/block/StairBlock;} {} {V}
[16lip2025 20:12:48.560] [main/DEBUG] [cpw.mods.modlauncher.TransformStore/MODLAUNCHER]: Adding transformer net.minecraftforge.coremod.transformer.CoreModClassTransformer@1db7157f to Target : CLASS {Lnet/minecraft/world/level/block/FlowerPotBlock;} {} {V}
[16lip2025 20:12:48.560] [main/DEBUG] [cpw.mods.modlauncher.TransformStore/MODLAUNCHER]: Adding transformer net.minecraftforge.coremod.transformer.CoreModClassTransformer@75e27856 to Target : CLASS {Lnet/minecraft/world/item/ItemStack;} {} {V}
[16lip2025 20:12:48.561] [main/DEBUG] [cpw.mods.modlauncher.TransformStore/MODLAUNCHER]: Adding transformer net.minecraftforge.coremod.transformer.CoreModClassTransformer@6bccd036 to Target : CLASS {Lnet/minecraft/network/play/client/CClientSettingsPacket;} {} {V}
[16lip2025 20:12:48.561] [main/DEBUG] [cpw.mods.modlauncher.TransformStore/MODLAUNCHER]: Adding transformer net.minecraftforge.coremod.transformer.CoreModClassTransformer@4f4c88f9 to Target : CLASS {Lnet/minecraft/world/entity/animal/frog/Tadpole;} {} {V}
[16lip2025 20:12:48.561] [main/DEBUG] [cpw.mods.modlauncher.TransformStore/MODLAUNCHER]: Adding transformer net.minecraftforge.coremod.transformer.CoreModClassTransformer@4f4c88f9 to Target : CLASS {Lnet/minecraft/world/entity/monster/Spider;} {} {V}
[16lip2025 20:12:48.561] [main/DEBUG] [cpw.mods.modlauncher.TransformStore/MODLAUNCHER]: Adding transformer net.minecraftforge.coremod.transformer.CoreModClassTransformer@4f4c88f9 to Target : CLASS {Lnet/minecraft/world/entity/monster/Zombie;} {} {V}
[16lip2025 20:12:48.561] [main/DEBUG] [cpw.mods.modlauncher.TransformStore/MODLAUNCHER]: Adding transformer net.minecraftforge.coremod.transformer.CoreModClassTransformer@4f4c88f9 to Target : CLASS {Lnet/minecraft/world/entity/monster/ZombieVillager;} {} {V}
[16lip2025 20:12:48.561] [main/DEBUG] [cpw.mods.modlauncher.TransformStore/MODLAUNCHER]: Adding transformer net.minecraftforge.coremod.transformer.CoreModClassTransformer@4f4c88f9 to Target : CLASS {Lnet/minecraft/world/entity/npc/CatSpawner;} {} {V}
[16lip2025 20:12:48.562] [main/DEBUG] [cpw.mods.modlauncher.TransformStore/MODLAUNCHER]: Adding transformer net.minecraftforge.coremod.transformer.CoreModClassTransformer@4f4c88f9 to Target : CLASS {Lnet/minecraft/world/entity/ai/village/VillageSiege;} {} {V}
[16lip2025 20:12:48.562] [main/DEBUG] [cpw.mods.modlauncher.TransformStore/MODLAUNCHER]: Adding transformer net.minecraftforge.coremod.transformer.CoreModClassTransformer@4f4c88f9 to Target : CLASS {Lnet/minecraft/world/level/levelgen/structure/structures/WoodlandMansionPieces$WoodlandMansionPiece;} {} {V}
[16lip2025 20:12:48.562] [main/DEBUG] [cpw.mods.modlauncher.TransformStore/MODLAUNCHER]: Adding transformer net.minecraftforge.coremod.transformer.CoreModClassTransformer@4f4c88f9 to Target : CLASS {Lnet/minecraft/world/level/levelgen/structure/templatesystem/StructureTemplate;} {} {V}
[16lip2025 20:12:48.562] [main/DEBUG] [cpw.mods.modlauncher.TransformStore/MODLAUNCHER]: Adding transformer net.minecraftforge.coremod.transformer.CoreModClassTransformer@4f4c88f9 to Target : CLASS {Lnet/minecraft/server/commands/RaidCommand;} {} {V}
[16lip2025 20:12:48.562] [main/DEBUG] [cpw.mods.modlauncher.TransformStore/MODLAUNCHER]: Adding transformer net.minecraftforge.coremod.transformer.CoreModClassTransformer@4f4c88f9 to Target : CLASS {Lnet/minecraft/world/level/levelgen/structure/structures/SwampHutPiece;} {} {V}
[16lip2025 20:12:48.562] [main/DEBUG] [cpw.mods.modlauncher.TransformStore/MODLAUNCHER]: Adding transformer net.minecraftforge.coremod.transformer.CoreModClassTransformer@4f4c88f9 to Target : CLASS {Lnet/minecraft/world/level/NaturalSpawner;} {} {V}
[16lip2025 20:12:48.562] [main/DEBUG] [cpw.mods.modlauncher.TransformStore/MODLAUNCHER]: Adding transformer net.minecraftforge.coremod.transformer.CoreModClassTransformer@4f4c88f9 to Target : CLASS {Lnet/minecraft/world/level/levelgen/structure/structures/OceanMonumentPieces$OceanMonumentPiece;} {} {V}
[16lip2025 20:12:48.563] [main/DEBUG] [cpw.mods.modlauncher.TransformStore/MODLAUNCHER]: Adding transformer net.minecraftforge.coremod.transformer.CoreModClassTransformer@4f4c88f9 to Target : CLASS {Lnet/minecraft/world/entity/animal/horse/SkeletonTrapGoal;} {} {V}
[16lip2025 20:12:48.563] [main/DEBUG] [cpw.mods.modlauncher.TransformStore/MODLAUNCHER]: Adding transformer net.minecraftforge.coremod.transformer.CoreModClassTransformer@4f4c88f9 to Target : CLASS {Lnet/minecraft/world/entity/npc/Villager;} {} {V}
[16lip2025 20:12:48.563] [main/DEBUG] [cpw.mods.modlauncher.TransformStore/MODLAUNCHER]: Adding transformer net.minecraftforge.coremod.transformer.CoreModClassTransformer@4f4c88f9 to Target : CLASS {Lnet/minecraft/world/entity/monster/Strider;} {} {V}
[16lip2025 20:12:48.563] [main/DEBUG] [cpw.mods.modlauncher.TransformStore/MODLAUNCHER]: Adding transformer net.minecraftforge.coremod.transformer.CoreModClassTransformer@4f4c88f9 to Target : CLASS {Lnet/minecraft/world/entity/EntityType;} {} {V}
[16lip2025 20:12:48.563] [main/DEBUG] [cpw.mods.modlauncher.TransformStore/MODLAUNCHER]: Adding transformer net.minecraftforge.coremod.transformer.CoreModClassTransformer@4f4c88f9 to Target : CLASS {Lnet/minecraft/world/entity/monster/Evoker$EvokerSummonSpellGoal;} {} {V}
[16lip2025 20:12:48.563] [main/DEBUG] [cpw.mods.modlauncher.TransformStore/MODLAUNCHER]: Adding transformer net.minecraftforge.coremod.transformer.CoreModClassTransformer@4f4c88f9 to Target : CLASS {Lnet/minecraft/world/level/levelgen/structure/structures/OceanRuinPieces$OceanRuinPiece;} {} {V}
[16lip2025 20:12:48.563] [main/DEBUG] [cpw.mods.modlauncher.TransformStore/MODLAUNCHER]: Adding transformer net.minecraftforge.coremod.transformer.CoreModClassTransformer@4f4c88f9 to Target : CLASS {Lnet/minecraft/world/entity/raid/Raid;} {} {V}
[16lip2025 20:12:48.564] [main/DEBUG] [cpw.mods.modlauncher.TransformStore/MODLAUNCHER]: Adding transformer net.minecraftforge.coremod.transformer.CoreModClassTransformer@4f4c88f9 to Target : CLASS {Lnet/minecraft/world/level/levelgen/PatrolSpawner;} {} {V}
[16lip2025 20:12:48.564] [main/DEBUG] [cpw.mods.modlauncher.TransformStore/MODLAUNCHER]: Adding transformer net.minecraftforge.coremod.transformer.CoreModClassTransformer@4f4c88f9 to Target : CLASS {Lnet/minecraft/world/level/levelgen/PhantomSpawner;} {} {V}
[16lip2025 20:12:48.564] [main/DEBUG] [cpw.mods.modlauncher.TransformStore/MODLAUNCHER]: Adding transformer net.minecraftforge.coremod.transformer.CoreModClassTransformer@4f4c88f9 to Target : CLASS {Lnet/minecraft/server/commands/SummonCommand;} {} {V}
[16lip2025 20:12:48.564] [main/DEBUG] [cpw.mods.modlauncher.TransformationServiceDecorator/MODLAUNCHER]: Initialized transformers for transformation service fml
[16lip2025 20:12:49.953] [main/DEBUG] [mixin/]: Processing prepare() for PlatformAgent[MixinPlatformAgentDefault:ModLauncher Root Container(ModLauncher:4f56a0a2)]
[16lip2025 20:12:49.953] [main/DEBUG] [mixin/]: Registering mixin config: mixins.grasses.json
[16lip2025 20:12:49.968] [main/DEBUG] [mixin/]: Compatibility level JAVA_17 specified by mixins.grasses.json is higher than the maximum level supported by this version of mixin (JAVA_13).
[16lip2025 20:12:49.971] [main/INFO] [mixin/]: Compatibility level set to JAVA_17
[16lip2025 20:12:49.971] [main/DEBUG] [mixin/]: Processing launch tasks for PlatformAgent[MixinPlatformAgentDefault:ModLauncher Root Container(ModLauncher:4f56a0a2)]
[16lip2025 20:12:49.972] [main/DEBUG] [mixin/]: Adding mixin platform agents for container SecureJarResource(minecraft)
[16lip2025 20:12:49.972] [main/DEBUG] [mixin/]: Instancing new MixinPlatformAgentMinecraftForge for SecureJarResource(minecraft)
[16lip2025 20:12:49.972] [main/DEBUG] [mixin/]: MixinPlatformAgentMinecraftForge rejected container SecureJarResource(minecraft)
[16lip2025 20:12:49.972] [main/DEBUG] [mixin/]: Instancing new MixinPlatformAgentDefault for SecureJarResource(minecraft)
[16lip2025 20:12:49.972] [main/DEBUG] [mixin/]: MixinPlatformAgentDefault accepted container SecureJarResource(minecraft)
[16lip2025 20:12:49.972] [main/DEBUG] [mixin/]: Processing prepare() for PlatformAgent[MixinPlatformAgentDefault:SecureJarResource(minecraft)]
[16lip2025 20:12:49.972] [main/DEBUG] [mixin/]: Adding mixin platform agents for container SecureJarResource(grasses)
[16lip2025 20:12:49.973] [main/DEBUG] [mixin/]: Instancing new MixinPlatformAgentMinecraftForge for SecureJarResource(grasses)
[16lip2025 20:12:49.973] [main/DEBUG] [mixin/]: MixinPlatformAgentMinecraftForge rejected container SecureJarResource(grasses)
[16lip2025 20:12:49.973] [main/DEBUG] [mixin/]: Instancing new MixinPlatformAgentDefault for SecureJarResource(grasses)
[16lip2025 20:12:49.973] [main/DEBUG] [mixin/]: MixinPlatformAgentDefault accepted container SecureJarResource(grasses)
[16lip2025 20:12:49.973] [main/DEBUG] [mixin/]: Processing prepare() for PlatformAgent[MixinPlatformAgentDefault:SecureJarResource(grasses)]
[16lip2025 20:12:49.973] [main/DEBUG] [mixin/]: Adding mixin platform agents for container SecureJarResource(terrablender)
[16lip2025 20:12:49.973] [main/DEBUG] [mixin/]: Instancing new MixinPlatformAgentMinecraftForge for SecureJarResource(terrablender)
[16lip2025 20:12:49.974] [main/DEBUG] [mixin/]: MixinPlatformAgentMinecraftForge rejected container SecureJarResource(terrablender)
[16lip2025 20:12:49.974] [main/DEBUG] [mixin/]: Instancing new MixinPlatformAgentDefault for SecureJarResource(terrablender)
[16lip2025 20:12:49.974] [main/DEBUG] [mixin/]: MixinPlatformAgentDefault accepted container SecureJarResource(terrablender)
[16lip2025 20:12:49.974] [main/DEBUG] [mixin/]: Processing prepare() for PlatformAgent[MixinPlatformAgentDefault:SecureJarResource(terrablender)]
[16lip2025 20:12:49.974] [main/DEBUG] [mixin/]: Registering mixin config: terrablender.mixins.json
[16lip2025 20:12:49.976] [main/DEBUG] [mixin/]: Registering mixin config: terrablender_forge.mixins.json
[16lip2025 20:12:49.977] [main/DEBUG] [mixin/]: Adding mixin platform agents for container SecureJarResource(glitchcore)
[16lip2025 20:12:49.977] [main/DEBUG] [mixin/]: Instancing new MixinPlatformAgentMinecraftForge for SecureJarResource(glitchcore)
[16lip2025 20:12:49.977] [main/DEBUG] [mixin/]: MixinPlatformAgentMinecraftForge rejected container SecureJarResource(glitchcore)
[16lip2025 20:12:49.977] [main/DEBUG] [mixin/]: Instancing new MixinPlatformAgentDefault for SecureJarResource(glitchcore)
[16lip2025 20:12:49.977] [main/DEBUG] [mixin/]: MixinPlatformAgentDefault accepted container SecureJarResource(glitchcore)
[16lip2025 20:12:49.978] [main/DEBUG] [mixin/]: Processing prepare() for PlatformAgent[MixinPlatformAgentDefault:SecureJarResource(glitchcore)]
[16lip2025 20:12:49.978] [main/DEBUG] [mixin/]: Registering mixin config: glitchcore.mixins.json
[16lip2025 20:12:49.979] [main/DEBUG] [mixin/]: Registering mixin config: glitchcore.forge.mixins.json
[16lip2025 20:12:49.981] [main/DEBUG] [mixin/]: Adding mixin platform agents for container SecureJarResource(forge)
[16lip2025 20:12:49.981] [main/DEBUG] [mixin/]: Instancing new MixinPlatformAgentMinecraftForge for SecureJarResource(forge)
[16lip2025 20:12:49.981] [main/DEBUG] [mixin/]: MixinPlatformAgentMinecraftForge rejected container SecureJarResource(forge)
[16lip2025 20:12:49.981] [main/DEBUG] [mixin/]: Instancing new MixinPlatformAgentDefault for SecureJarResource(forge)
[16lip2025 20:12:49.981] [main/DEBUG] [mixin/]: MixinPlatformAgentDefault accepted container SecureJarResource(forge)
[16lip2025 20:12:49.981] [main/DEBUG] [mixin/]: Processing prepare() for PlatformAgent[MixinPlatformAgentDefault:SecureJarResource(forge)]
[16lip2025 20:12:49.982] [main/DEBUG] [mixin/]: Adding mixin platform agents for container SecureJarResource(biomesoplenty)
[16lip2025 20:12:49.982] [main/DEBUG] [mixin/]: Instancing new MixinPlatformAgentMinecraftForge for SecureJarResource(biomesoplenty)
[16lip2025 20:12:49.982] [main/DEBUG] [mixin/]: MixinPlatformAgentMinecraftForge rejected container SecureJarResource(biomesoplenty)
[16lip2025 20:12:49.982] [main/DEBUG] [mixin/]: Instancing new MixinPlatformAgentDefault for SecureJarResource(biomesoplenty)
[16lip2025 20:12:49.982] [main/DEBUG] [mixin/]: MixinPlatformAgentDefault accepted container SecureJarResource(biomesoplenty)
[16lip2025 20:12:49.982] [main/DEBUG] [mixin/]: Processing prepare() for PlatformAgent[MixinPlatformAgentDefault:SecureJarResource(biomesoplenty)]
[16lip2025 20:12:49.982] [main/DEBUG] [mixin/]: Registering mixin config: biomesoplenty.mixins.json
[16lip2025 20:12:49.984] [main/DEBUG] [mixin/]: Registering mixin config: biomesoplenty.forge.mixins.json
[16lip2025 20:12:49.985] [main/DEBUG] [mixin/]: Adding mixin platform agents for container SecureJarResource(endrem)
[16lip2025 20:12:49.985] [main/DEBUG] [mixin/]: Instancing new MixinPlatformAgentMinecraftForge for SecureJarResource(endrem)
[16lip2025 20:12:49.985] [main/DEBUG] [mixin/]: MixinPlatformAgentMinecraftForge rejected container SecureJarResource(endrem)
[16lip2025 20:12:49.985] [main/DEBUG] [mixin/]: Instancing new MixinPlatformAgentDefault for SecureJarResource(endrem)
[16lip2025 20:12:49.985] [main/DEBUG] [mixin/]: MixinPlatformAgentDefault accepted container SecureJarResource(endrem)
[16lip2025 20:12:49.986] [main/DEBUG] [mixin/]: Processing prepare() for PlatformAgent[MixinPlatformAgentDefault:SecureJarResource(endrem)]
[16lip2025 20:12:49.986] [main/DEBUG] [mixin/]: Registering mixin config: endrem.mixins.json
[16lip2025 20:12:49.987] [main/DEBUG] [mixin/]: Adding mixin platform agents for container SecureJarResource(patchouli)
[16lip2025 20:12:49.987] [main/DEBUG] [mixin/]: Instancing new MixinPlatformAgentMinecraftForge for SecureJarResource(patchouli)
[16lip2025 20:12:49.987] [main/DEBUG] [mixin/]: MixinPlatformAgentMinecraftForge rejected container SecureJarResource(patchouli)
[16lip2025 20:12:49.987] [main/DEBUG] [mixin/]: Instancing new MixinPlatformAgentDefault for SecureJarResource(patchouli)
[16lip2025 20:12:49.988] [main/DEBUG] [mixin/]: MixinPlatformAgentDefault accepted container SecureJarResource(patchouli)
[16lip2025 20:12:49.988] [main/DEBUG] [mixin/]: Processing prepare() for PlatformAgent[MixinPlatformAgentDefault:SecureJarResource(patchouli)]
[16lip2025 20:12:49.988] [main/DEBUG] [mixin/]: Registering mixin config: patchouli_xplat.mixins.json
[16lip2025 20:12:49.989] [main/DEBUG] [mixin/]: Adding mixin platform agents for container SecureJarResource(dynamictrees)
[16lip2025 20:12:49.990] [main/DEBUG] [mixin/]: Instancing new MixinPlatformAgentMinecraftForge for SecureJarResource(dynamictrees)
[16lip2025 20:12:49.990] [main/DEBUG] [mixin/]: MixinPlatformAgentMinecraftForge rejected container SecureJarResource(dynamictrees)
[16lip2025 20:12:49.990] [main/DEBUG] [mixin/]: Instancing new MixinPlatformAgentDefault for SecureJarResource(dynamictrees)
[16lip2025 20:12:49.990] [main/DEBUG] [mixin/]: MixinPlatformAgentDefault accepted container SecureJarResource(dynamictrees)
[16lip2025 20:12:49.990] [main/DEBUG] [mixin/]: Processing prepare() for PlatformAgent[MixinPlatformAgentDefault:SecureJarResource(dynamictrees)]
[16lip2025 20:12:49.990] [main/DEBUG] [mixin/]: Adding mixin platform agents for container SecureJarResource(jade)
[16lip2025 20:12:49.990] [main/DEBUG] [mixin/]: Instancing new MixinPlatformAgentMinecraftForge for SecureJarResource(jade)
[16lip2025 20:12:49.990] [main/DEBUG] [mixin/]: MixinPlatformAgentMinecraftForge rejected container SecureJarResource(jade)
[16lip2025 20:12:49.991] [main/DEBUG] [mixin/]: Instancing new MixinPlatformAgentDefault for SecureJarResource(jade)
[16lip2025 20:12:49.991] [main/DEBUG] [mixin/]: MixinPlatformAgentDefault accepted container SecureJarResource(jade)
[16lip2025 20:12:49.991] [main/DEBUG] [mixin/]: Processing prepare() for PlatformAgent[MixinPlatformAgentDefault:SecureJarResource(jade)]
[16lip2025 20:12:49.991] [main/DEBUG] [mixin/]: Registering mixin config: jade.mixins.json
[16lip2025 20:12:49.992] [main/DEBUG] [mixin/]: Compatibility level JAVA_16 specified by jade.mixins.json is higher than the maximum level supported by this version of mixin (JAVA_13).
[16lip2025 20:12:49.993] [main/DEBUG] [mixin/]: Adding mixin platform agents for container SecureJarResource(xaeronbtslotids)
[16lip2025 20:12:49.993] [main/DEBUG] [mixin/]: Instancing new MixinPlatformAgentMinecraftForge for SecureJarResource(xaeronbtslotids)
[16lip2025 20:12:49.993] [main/DEBUG] [mixin/]: MixinPlatformAgentMinecraftForge rejected container SecureJarResource(xaeronbtslotids)
[16lip2025 20:12:49.993] [main/DEBUG] [mixin/]: Instancing new MixinPlatformAgentDefault for SecureJarResource(xaeronbtslotids)
[16lip2025 20:12:49.993] [main/DEBUG] [mixin/]: MixinPlatformAgentDefault accepted container SecureJarResource(xaeronbtslotids)
[16lip2025 20:12:49.993] [main/DEBUG] [mixin/]: Processing prepare() for PlatformAgent[MixinPlatformAgentDefault:SecureJarResource(xaeronbtslotids)]
[16lip2025 20:12:49.993] [main/DEBUG] [mixin/]: Adding mixin platform agents for container SecureJarResource(jei)
[16lip2025 20:12:49.993] [main/DEBUG] [mixin/]: Instancing new MixinPlatformAgentMinecraftForge for SecureJarResource(jei)
[16lip2025 20:12:49.994] [main/DEBUG] [mixin/]: MixinPlatformAgentMinecraftForge rejected container SecureJarResource(jei)
[16lip2025 20:12:49.994] [main/DEBUG] [mixin/]: Instancing new MixinPlatformAgentDefault for SecureJarResource(jei)
[16lip2025 20:12:49.994] [main/DEBUG] [mixin/]: MixinPlatformAgentDefault accepted container SecureJarResource(jei)
[16lip2025 20:12:49.994] [main/DEBUG] [mixin/]: Processing prepare() for PlatformAgent[MixinPlatformAgentDefault:SecureJarResource(jei)]
[16lip2025 20:12:49.994] [main/DEBUG] [mixin/]: inject() running with 13 agents
[16lip2025 20:12:49.994] [main/DEBUG] [mixin/]: Processing inject() for PlatformAgent[MixinPlatformAgentDefault:ModLauncher Root Container(ModLauncher:4f56a0a2)]
[16lip2025 20:12:49.994] [main/DEBUG] [mixin/]: Processing inject() for PlatformAgent[MixinPlatformAgentDefault:SecureJarResource(minecraft)]
[16lip2025 20:12:49.994] [main/DEBUG] [mixin/]: Processing inject() for PlatformAgent[MixinPlatformAgentDefault:SecureJarResource(grasses)]
[16lip2025 20:12:49.994] [main/DEBUG] [mixin/]: Processing inject() for PlatformAgent[MixinPlatformAgentDefault:SecureJarResource(terrablender)]
[16lip2025 20:12:49.995] [main/DEBUG] [mixin/]: Processing inject() for PlatformAgent[MixinPlatformAgentDefault:SecureJarResource(glitchcore)]
[16lip2025 20:12:49.995] [main/DEBUG] [mixin/]: Processing inject() for PlatformAgent[MixinPlatformAgentDefault:SecureJarResource(forge)]
[16lip2025 20:12:49.995] [main/DEBUG] [mixin/]: Processing inject() for PlatformAgent[MixinPlatformAgentDefault:SecureJarResource(biomesoplenty)]
[16lip2025 20:12:49.995] [main/DEBUG] [mixin/]: Processing inject() for PlatformAgent[MixinPlatformAgentDefault:SecureJarResource(endrem)]
[16lip2025 20:12:49.995] [main/DEBUG] [mixin/]: Processing inject() for PlatformAgent[MixinPlatformAgentDefault:SecureJarResource(patchouli)]
[16lip2025 20:12:49.995] [main/DEBUG] [mixin/]: Processing inject() for PlatformAgent[MixinPlatformAgentDefault:SecureJarResource(dynamictrees)]
[16lip2025 20:12:49.995] [main/DEBUG] [mixin/]: Processing inject() for PlatformAgent[MixinPlatformAgentDefault:SecureJarResource(jade)]
[16lip2025 20:12:49.995] [main/DEBUG] [mixin/]: Processing inject() for PlatformAgent[MixinPlatformAgentDefault:SecureJarResource(xaeronbtslotids)]
[16lip2025 20:12:49.996] [main/DEBUG] [mixin/]: Processing inject() for PlatformAgent[MixinPlatformAgentDefault:SecureJarResource(jei)]
[16lip2025 20:12:49.996] [main/INFO] [cpw.mods.modlauncher.LaunchServiceHandler/MODLAUNCHER]: Launching target 'forgedatauserdev' with arguments [--gameDir, ., --assetsDir, C:\Users\Night\.gradle\caches\forge_gradle\assets, --assetIndex, 5, --mod, grasses, --all, --output, D:\Dysk\Minecraft Modding\Forge\1.20.1\Grasses\src\generated\resources, --existing, D:\Dysk\Minecraft Modding\Forge\1.20.1\Grasses\src\main\resources]
[16lip2025 20:12:50.069] [main/DEBUG] [mixin/]: Error cleaning class output directory: .mixin.out
[16lip2025 20:12:50.070] [main/DEBUG] [mixin/]: Preparing mixins for MixinEnvironment[DEFAULT]
[16lip2025 20:12:50.071] [main/DEBUG] [mixin/]: Selecting config mixins.grasses.json
[16lip2025 20:12:50.074] [main/WARN] [mixin/]: Reference map 'mixins.grasses.refmap.json' for mixins.grasses.json could not be read. If this is a development environment you can ignore this message
[16lip2025 20:12:50.075] [main/DEBUG] [mixin/]: Selecting config terrablender.mixins.json
[16lip2025 20:12:50.345] [main/INFO] [mixin/]: Remapping refMap terrablender.refmap.json using D:\Dysk\Minecraft Modding\Forge\1.20.1\Grasses\build/createSrgToMcp/output.srg
[16lip2025 20:12:50.345] [main/DEBUG] [mixin/]: Selecting config terrablender_forge.mixins.json
[16lip2025 20:12:50.347] [main/INFO] [mixin/]: Remapping refMap terrablender.refmap.json using D:\Dysk\Minecraft Modding\Forge\1.20.1\Grasses\build/createSrgToMcp/output.srg
[16lip2025 20:12:50.347] [main/DEBUG] [mixin/]: Selecting config glitchcore.mixins.json
[16lip2025 20:12:50.348] [main/INFO] [mixin/]: Remapping refMap glitchcore.refmap.json using D:\Dysk\Minecraft Modding\Forge\1.20.1\Grasses\build/createSrgToMcp/output.srg
[16lip2025 20:12:50.348] [main/DEBUG] [mixin/]: Selecting config glitchcore.forge.mixins.json
[16lip2025 20:12:50.349] [main/INFO] [mixin/]: Remapping refMap glitchcore.refmap.json using D:\Dysk\Minecraft Modding\Forge\1.20.1\Grasses\build/createSrgToMcp/output.srg
[16lip2025 20:12:50.349] [main/DEBUG] [mixin/]: Selecting config biomesoplenty.mixins.json
[16lip2025 20:12:50.350] [main/INFO] [mixin/]: Remapping refMap biomesoplenty.refmap.json using D:\Dysk\Minecraft Modding\Forge\1.20.1\Grasses\build/createSrgToMcp/output.srg
[16lip2025 20:12:50.351] [main/DEBUG] [mixin/]: Selecting config biomesoplenty.forge.mixins.json
[16lip2025 20:12:50.352] [main/INFO] [mixin/]: Remapping refMap biomesoplenty.refmap.json using D:\Dysk\Minecraft Modding\Forge\1.20.1\Grasses\build/createSrgToMcp/output.srg
[16lip2025 20:12:50.352] [main/DEBUG] [mixin/]: Selecting config endrem.mixins.json
[16lip2025 20:12:50.361] [main/INFO] [mixin/]: Remapping refMap endrem.refmap.json using D:\Dysk\Minecraft Modding\Forge\1.20.1\Grasses\build/createSrgToMcp/output.srg
[16lip2025 20:12:50.362] [main/DEBUG] [mixin/]: Selecting config patchouli_xplat.mixins.json
[16lip2025 20:12:50.362] [main/INFO] [mixin/]: Remapping refMap patchouli.refmap.json using D:\Dysk\Minecraft Modding\Forge\1.20.1\Grasses\build/createSrgToMcp/output.srg
[16lip2025 20:12:50.363] [main/DEBUG] [mixin/]: Selecting config jade.mixins.json
[16lip2025 20:12:50.364] [main/INFO] [mixin/]: Remapping refMap jade.refmap.json using D:\Dysk\Minecraft Modding\Forge\1.20.1\Grasses\build/createSrgToMcp/output.srg
[16lip2025 20:12:50.364] [main/DEBUG] [mixin/]: Preparing mixins.grasses.json (21)
[16lip2025 20:12:50.446] [main/DEBUG] [net.minecraftforge.coremod.transformer.CoreModBaseTransformer/COREMOD]: Transforming net/minecraft/world/level/block/FlowerPotBlock
[16lip2025 20:12:50.472] [main/DEBUG] [mixin/]: Preparing terrablender.mixins.json (7)
[16lip2025 20:12:50.496] [main/DEBUG] [mixin/]: Preparing terrablender_forge.mixins.json (0)
[16lip2025 20:12:50.496] [main/DEBUG] [mixin/]: Preparing glitchcore.mixins.json (4)
[16lip2025 20:12:50.500] [main/DEBUG] [net.minecraftforge.coremod.transformer.CoreModBaseTransformer/COREMOD]: Transforming net/minecraft/world/item/ItemStack
[16lip2025 20:12:50.546] [main/DEBUG] [mixin/]: Preparing glitchcore.forge.mixins.json (7)
[16lip2025 20:12:50.562] [main/DEBUG] [mixin/]: Preparing biomesoplenty.mixins.json (0)
[16lip2025 20:12:50.563] [main/DEBUG] [mixin/]: Preparing biomesoplenty.forge.mixins.json (2)
[16lip2025 20:12:50.564] [main/DEBUG] [mixin/]: Preparing endrem.mixins.json (4)
[16lip2025 20:12:50.568] [main/DEBUG] [mixin/]: Preparing patchouli_xplat.mixins.json (10)
[16lip2025 20:12:50.594] [main/DEBUG] [mixin/]: Preparing jade.mixins.json (3)
[16lip2025 20:12:50.614] [main/DEBUG] [mixin/]: Registering new injector for @Inject with org.spongepowered.asm.mixin.injection.struct.CallbackInjectionInfo
[16lip2025 20:12:50.616] [main/DEBUG] [mixin/]: Registering new injector for @ModifyArg with org.spongepowered.asm.mixin.injection.struct.ModifyArgInjectionInfo
[16lip2025 20:12:50.618] [main/DEBUG] [mixin/]: Registering new injector for @ModifyArgs with org.spongepowered.asm.mixin.injection.struct.ModifyArgsInjectionInfo
[16lip2025 20:12:50.619] [main/DEBUG] [mixin/]: Registering new injector for @Redirect with org.spongepowered.asm.mixin.injection.struct.RedirectInjectionInfo
[16lip2025 20:12:50.621] [main/DEBUG] [mixin/]: Registering new injector for @ModifyVariable with org.spongepowered.asm.mixin.injection.struct.ModifyVariableInjectionInfo
[16lip2025 20:12:50.623] [main/DEBUG] [mixin/]: Registering new injector for @ModifyConstant with org.spongepowered.asm.mixin.injection.struct.ModifyConstantInjectionInfo
[16lip2025 20:12:50.661] [main/DEBUG] [mixin/]: Inner class glitchcore/forge/mixin/impl/MixinPacketHandler$1 in glitchcore/forge/mixin/impl/MixinPacketHandler on glitchcore/network/PacketHandler gets unique name glitchcore/network/PacketHandler$Anonymous$2b08e694810f4579bb8cc69352b0eac1
[16lip2025 20:12:50.668] [main/DEBUG] [mixin/]: Prepared 57 mixins in 0,596 sec (10,5ms avg) (0ms load, 0ms transform, 0ms plugin)
[16lip2025 20:12:50.786] [main/DEBUG] [io.netty.util.internal.logging.InternalLoggerFactory/]: Using SLF4J as the default logging framework
[16lip2025 20:12:50.789] [main/DEBUG] [io.netty.util.ResourceLeakDetector/]: -Dio.netty.leakDetection.level: simple
[16lip2025 20:12:50.789] [main/DEBUG] [io.netty.util.ResourceLeakDetector/]: -Dio.netty.leakDetection.targetRecords: 4
[16lip2025 20:12:50.957] [main/INFO] [net.minecraftforge.data.loading.DatagenModLoader/]: Initializing Data Gatherer for mods [grasses]
[16lip2025 20:12:50.967] [main/DEBUG] [mixin/]: Mixing MixinBuiltInRegistries from terrablender.mixins.json into net.minecraft.core.registries.BuiltInRegistries
[16lip2025 20:12:50.972] [main/DEBUG] [mixin/]: Renaming synthetic method lambda$registerSimple$0(Lnet/minecraft/core/registries/BuiltInRegistries$RegistryBootstrap;Lnet/minecraft/core/Registry;)Ljava/lang/Object; to md1284cb$lambda$registerSimple$0$0 in terrablender.mixins.json:MixinBuiltInRegistries
[16lip2025 20:12:51.155] [main/DEBUG] [mixin/]: Mixing BlockStateBaseMixin from mixins.grasses.json into net.minecraft.world.level.block.state.BlockBehaviour$BlockStateBase
[16lip2025 20:12:51.219] [main/DEBUG] [mixin/]: Mixing MixinServerLevel from glitchcore.mixins.json into net.minecraft.server.level.ServerLevel
[16lip2025 20:12:51.296] [main/DEBUG] [net.minecraftforge.coremod.transformer.CoreModBaseTransformer/COREMOD]: Transforming net/minecraft/world/entity/EntityType
[16lip2025 20:12:51.698] [main/DEBUG] [mixin/]: Mixing BushBlockMixin from mixins.grasses.json into net.minecraft.world.level.block.BushBlock
[16lip2025 20:12:51.718] [main/DEBUG] [net.minecraftforge.coremod.transformer.CoreModBaseTransformer/COREMOD]: Transforming net/minecraft/world/level/block/LiquidBlock
[16lip2025 20:12:51.733] [main/DEBUG] [mixin/]: Mixing HalfTransparentBlockMixin from mixins.grasses.json into net.minecraft.world.level.block.HalfTransparentBlock
[16lip2025 20:12:51.778] [main/DEBUG] [net.minecraftforge.coremod.transformer.CoreModBaseTransformer/COREMOD]: Transforming net/minecraft/world/level/block/StairBlock
[16lip2025 20:12:51.808] [main/DEBUG] [mixin/]: Mixing CactusBlockMixin from mixins.grasses.json into net.minecraft.world.level.block.CactusBlock
[16lip2025 20:12:51.813] [main/DEBUG] [mixin/]: Mixing SugarCaneBlockMixin from mixins.grasses.json into net.minecraft.world.level.block.SugarCaneBlock
[16lip2025 20:12:51.822] [main/DEBUG] [mixin/]: Mixing NetherrackBlockMixin from mixins.grasses.json into net.minecraft.world.level.block.NetherrackBlock
[16lip2025 20:12:51.847] [main/DEBUG] [mixin/]: Mixing StemBlockMixin from mixins.grasses.json into net.minecraft.world.level.block.StemBlock
[16lip2025 20:12:51.908] [main/DEBUG] [net.minecraftforge.coremod.transformer.CoreModBaseTransformer/COREMOD]: Transforming net/minecraft/world/level/block/FlowerPotBlock
[16lip2025 20:12:51.908] [main/DEBUG] [mixin/]: Mixing FlowerPotBlockMixin from mixins.grasses.json into net.minecraft.world.level.block.FlowerPotBlock
[16lip2025 20:12:51.983] [main/DEBUG] [mixin/]: Mixing SlabBlockMixin from mixins.grasses.json into net.minecraft.world.level.block.SlabBlock
[16lip2025 20:12:52.020] [main/DEBUG] [mixin/]: Mixing GrowingPlantBlockMixin from mixins.grasses.json into net.minecraft.world.level.block.GrowingPlantBlock
[16lip2025 20:12:52.031] [main/DEBUG] [mixin/]: Mixing BambooSaplingBlockMixin from mixins.grasses.json into net.minecraft.world.level.block.BambooSaplingBlock
[16lip2025 20:12:52.035] [main/DEBUG] [mixin/]: Mixing BubbleColumnMixin from mixins.grasses.json into net.minecraft.world.level.block.BubbleColumnBlock
[16lip2025 20:12:52.052] [main/DEBUG] [mixin/]: Mixing FungusBlockMixin from mixins.grasses.json into net.minecraft.world.level.block.FungusBlock
[16lip2025 20:12:52.093] [main/DEBUG] [mixin/]: Mixing BigDripleafBlockMixin from mixins.grasses.json into net.minecraft.world.level.block.BigDripleafBlock
[16lip2025 20:12:52.097] [main/DEBUG] [mixin/]: Mixing SmallDripleafBlockMixin from mixins.grasses.json into net.minecraft.world.level.block.SmallDripleafBlock
[16lip2025 20:12:52.682] [main/DEBUG] [mixin/]: Mixing PlayerEnchantMixin from endrem.mixins.json into net.minecraft.world.inventory.EnchantmentMenu
[16lip2025 20:12:52.706] [main/DEBUG] [net.minecraftforge.coremod.transformer.CoreModBaseTransformer/COREMOD]: Transforming net/minecraft/world/item/ItemStack
[16lip2025 20:12:52.707] [main/DEBUG] [mixin/]: Mixing MixinItemStack from glitchcore.mixins.json into net.minecraft.world.item.ItemStack
[16lip2025 20:12:53.227] [main/DEBUG] [net.minecraftforge.coremod.transformer.CoreModBaseTransformer/COREMOD]: Transforming net/minecraft/world/entity/animal/frog/Tadpole
[16lip2025 20:12:53.277] [main/DEBUG] [net.minecraftforge.coremod.transformer.CoreModBaseTransformer/COREMOD]: Transforming net/minecraft/world/item/BucketItem
[16lip2025 20:12:53.294] [main/DEBUG] [mixin/]: Mixing EnderEyeItemMixin from mixins.grasses.json into net.minecraft.world.item.EnderEyeItem
[16lip2025 20:12:53.299] [main/DEBUG] [mixin/]: Mixing EnderEyeItemMixin from endrem.mixins.json into net.minecraft.world.item.EnderEyeItem
[16lip2025 20:12:54.099] [main/DEBUG] [net.minecraftforge.coremod.transformer.CoreModBaseTransformer/COREMOD]: Transforming net/minecraft/world/entity/monster/Spider
[16lip2025 20:12:54.158] [main/DEBUG] [net.minecraftforge.coremod.transformer.CoreModBaseTransformer/COREMOD]: Transforming net/minecraft/world/entity/monster/Zombie
[16lip2025 20:12:54.207] [main/DEBUG] [net.minecraftforge.coremod.transformer.CoreModBaseTransformer/COREMOD]: Transforming net/minecraft/world/entity/monster/ZombieVillager
[16lip2025 20:12:54.269] [main/DEBUG] [net.minecraftforge.coremod.transformer.CoreModBaseTransformer/COREMOD]: Transforming net/minecraft/world/entity/monster/Evoker$EvokerSummonSpellGoal
[16lip2025 20:12:54.431] [main/DEBUG] [net.minecraftforge.coremod.transformer.CoreModBaseTransformer/COREMOD]: Transforming net/minecraft/world/entity/animal/horse/SkeletonTrapGoal
[16lip2025 20:12:54.451] [main/DEBUG] [net.minecraftforge.coremod.transformer.CoreModBaseTransformer/COREMOD]: Transforming net/minecraft/world/entity/monster/Strider
[16lip2025 20:12:54.582] [main/DEBUG] [mixin/]: Mixing MixinServerPlayer from glitchcore.forge.mixins.json into net.minecraft.server.level.ServerPlayer
[16lip2025 20:12:54.662] [main/DEBUG] [net.minecraftforge.coremod.transformer.CoreModBaseTransformer/COREMOD]: Transforming net/minecraft/world/entity/npc/Villager
[16lip2025 20:12:54.784] [main/DEBUG] [net.minecraftforge.coremod.transformer.CoreModBaseTransformer/COREMOD]: Transforming net/minecraft/world/effect/MobEffectInstance
[16lip2025 20:12:54.887] [main/DEBUG] [mixin/]: Mixing UntouchingEnchantmentMixin from mixins.grasses.json into net.minecraft.world.item.enchantment.UntouchingEnchantment
[16lip2025 20:12:54.894] [main/DEBUG] [mixin/]: Mixing ChannelingEnchantmentMixin from mixins.grasses.json into net.minecraft.world.item.enchantment.TridentChannelingEnchantment
[16lip2025 20:12:55.275] [main/DEBUG] [mixin/]: Mixing HugeFungusFeatureMixin from mixins.grasses.json into net.minecraft.world.level.levelgen.feature.HugeFungusFeature
[16lip2025 20:12:55.455] [main/DEBUG] [net.minecraftforge.coremod.transformer.CoreModBaseTransformer/COREMOD]: Transforming net/minecraft/world/level/levelgen/structure/Structure
[16lip2025 20:12:55.510] [main/DEBUG] [mixin/]: Mixing StrongholdPiecesMixin from endrem.mixins.json into net.minecraft.world.level.levelgen.structure.structures.StrongholdPieces$PortalRoom
[16lip2025 20:12:55.546] [main/DEBUG] [net.minecraftforge.coremod.transformer.CoreModBaseTransformer/COREMOD]: Transforming net/minecraft/world/level/levelgen/structure/structures/OceanRuinPieces$OceanRuinPiece
[16lip2025 20:12:55.559] [main/DEBUG] [net.minecraftforge.coremod.transformer.CoreModBaseTransformer/COREMOD]: Transforming net/minecraft/world/level/levelgen/structure/structures/SwampHutPiece
[16lip2025 20:12:55.571] [main/DEBUG] [net.minecraftforge.coremod.transformer.CoreModBaseTransformer/COREMOD]: Transforming net/minecraft/world/level/levelgen/structure/structures/OceanMonumentPieces$OceanMonumentPiece
[16lip2025 20:12:55.590] [main/DEBUG] [net.minecraftforge.coremod.transformer.CoreModBaseTransformer/COREMOD]: Transforming net/minecraft/world/level/levelgen/structure/structures/WoodlandMansionPieces$WoodlandMansionPiece
[16lip2025 20:12:55.722] [main/DEBUG] [mixin/]: Mixing MixinBiomeSource from terrablender.mixins.json into net.minecraft.world.level.biome.BiomeSource
[16lip2025 20:12:55.723] [main/DEBUG] [mixin/]: Renaming synthetic method lambda$appendDeferredBiomesList$0(Lcom/google/common/collect/ImmutableList;)Ljava/util/Set; to md1284cb$lambda$appendDeferredBiomesList$0$0 in terrablender.mixins.json:MixinBiomeSource
[16lip2025 20:12:55.732] [main/DEBUG] [net.minecraftforge.coremod.transformer.CoreModBaseTransformer/COREMOD]: Transforming net/minecraft/world/level/biome/Biome
[16lip2025 20:12:55.777] [main/DEBUG] [mixin/]: Mixing MixinMultiNoiseBiomeSource from terrablender.mixins.json into net.minecraft.world.level.biome.MultiNoiseBiomeSource
[16lip2025 20:12:55.785] [main/DEBUG] [mixin/]: Mixing MixinParameterList from terrablender.mixins.json into net.minecraft.world.level.biome.Climate$ParameterList
[16lip2025 20:12:55.786] [main/DEBUG] [mixin/]: Renaming synthetic method lambda$initializeForTerraBlender$0(Lnet/minecraft/core/Registry;Lcom/google/common/collect/ImmutableList$Builder;Lcom/mojang/datafixers/util/Pair;)V to md1284cb$lambda$initializeForTerraBlender$0$0 in terrablender.mixins.json:MixinParameterList
[16lip2025 20:12:55.815] [main/DEBUG] [mixin/]: Mixing MixinNoiseGeneratorSettings from terrablender.mixins.json into net.minecraft.world.level.levelgen.NoiseGeneratorSettings
[16lip2025 20:12:55.973] [main/DEBUG] [net.minecraftforge.registries.GameData/REGISTRIES]: Creating vanilla freeze snapshot
[16lip2025 20:12:55.975] [main/DEBUG] [net.minecraftforge.registries.ForgeRegistry/REGISTRIES]: Registry minecraft:block Sync: VANILLA -> ACTIVE
[16lip2025 20:12:55.986] [main/DEBUG] [net.minecraftforge.registries.ForgeRegistry/REGISTRIES]: Registry minecraft:fluid Sync: VANILLA -> ACTIVE
[16lip2025 20:12:55.987] [main/DEBUG] [net.minecraftforge.registries.ForgeRegistry/REGISTRIES]: Registry minecraft:item Sync: VANILLA -> ACTIVE
[16lip2025 20:12:55.995] [main/DEBUG] [net.minecraftforge.registries.ForgeRegistry/REGISTRIES]: Registry minecraft:mob_effect Sync: VANILLA -> ACTIVE
[16lip2025 20:12:55.995] [main/DEBUG] [net.minecraftforge.registries.ForgeRegistry/REGISTRIES]: Registry minecraft:sound_event Sync: VANILLA -> ACTIVE
[16lip2025 20:12:56.003] [main/DEBUG] [net.minecraftforge.registries.ForgeRegistry/REGISTRIES]: Registry minecraft:potion Sync: VANILLA -> ACTIVE
[16lip2025 20:12:56.003] [main/DEBUG] [net.minecraftforge.registries.ForgeRegistry/REGISTRIES]: Registry minecraft:enchantment Sync: VANILLA -> ACTIVE
[16lip2025 20:12:56.003] [main/DEBUG] [net.minecraftforge.registries.ForgeRegistry/REGISTRIES]: Registry minecraft:entity_type Sync: VANILLA -> ACTIVE
[16lip2025 20:12:56.004] [main/DEBUG] [net.minecraftforge.registries.ForgeRegistry/REGISTRIES]: Registry minecraft:block_entity_type Sync: VANILLA -> ACTIVE
[16lip2025 20:12:56.004] [main/DEBUG] [net.minecraftforge.registries.ForgeRegistry/REGISTRIES]: Registry minecraft:particle_type Sync: VANILLA -> ACTIVE
[16lip2025 20:12:56.005] [main/DEBUG] [net.minecraftforge.registries.ForgeRegistry/REGISTRIES]: Registry minecraft:menu Sync: VANILLA -> ACTIVE
[16lip2025 20:12:56.005] [main/DEBUG] [net.minecraftforge.registries.ForgeRegistry/REGISTRIES]: Registry minecraft:painting_variant Sync: VANILLA -> ACTIVE
[16lip2025 20:12:56.005] [main/DEBUG] [net.minecraftforge.registries.ForgeRegistry/REGISTRIES]: Registry minecraft:recipe_type Sync: VANILLA -> ACTIVE
[16lip2025 20:12:56.006] [main/DEBUG] [net.minecraftforge.registries.ForgeRegistry/REGISTRIES]: Registry minecraft:recipe_serializer Sync: VANILLA -> ACTIVE
[16lip2025 20:12:56.006] [main/DEBUG] [net.minecraftforge.registries.ForgeRegistry/REGISTRIES]: Registry minecraft:attribute Sync: VANILLA -> ACTIVE
[16lip2025 20:12:56.006] [main/DEBUG] [net.minecraftforge.registries.ForgeRegistry/REGISTRIES]: Registry minecraft:stat_type Sync: VANILLA -> ACTIVE
[16lip2025 20:12:56.006] [main/DEBUG] [net.minecraftforge.registries.ForgeRegistry/REGISTRIES]: Registry minecraft:command_argument_type Sync: VANILLA -> ACTIVE
[16lip2025 20:12:56.006] [main/DEBUG] [net.minecraftforge.registries.ForgeRegistry/REGISTRIES]: Registry minecraft:villager_profession Sync: VANILLA -> ACTIVE
[16lip2025 20:12:56.007] [main/DEBUG] [net.minecraftforge.registries.ForgeRegistry/REGISTRIES]: Registry minecraft:point_of_interest_type Sync: VANILLA -> ACTIVE
[16lip2025 20:12:56.009] [main/DEBUG] [net.minecraftforge.registries.ForgeRegistry/REGISTRIES]: Registry minecraft:memory_module_type Sync: VANILLA -> ACTIVE
[16lip2025 20:12:56.010] [main/DEBUG] [net.minecraftforge.registries.ForgeRegistry/REGISTRIES]: Registry minecraft:sensor_type Sync: VANILLA -> ACTIVE
[16lip2025 20:12:56.010] [main/DEBUG] [net.minecraftforge.registries.ForgeRegistry/REGISTRIES]: Registry minecraft:schedule Sync: VANILLA -> ACTIVE
[16lip2025 20:12:56.010] [main/DEBUG] [net.minecraftforge.registries.ForgeRegistry/REGISTRIES]: Registry minecraft:activity Sync: VANILLA -> ACTIVE
[16lip2025 20:12:56.011] [main/DEBUG] [net.minecraftforge.registries.ForgeRegistry/REGISTRIES]: Registry minecraft:worldgen/carver Sync: VANILLA -> ACTIVE
[16lip2025 20:12:56.011] [main/DEBUG] [net.minecraftforge.registries.ForgeRegistry/REGISTRIES]: Registry minecraft:worldgen/feature Sync: VANILLA -> ACTIVE
[16lip2025 20:12:56.011] [main/DEBUG] [net.minecraftforge.registries.ForgeRegistry/REGISTRIES]: Registry minecraft:chunk_status Sync: VANILLA -> ACTIVE
[16lip2025 20:12:56.011] [main/DEBUG] [net.minecraftforge.registries.ForgeRegistry/REGISTRIES]: Registry minecraft:worldgen/block_state_provider_type Sync: VANILLA -> ACTIVE
[16lip2025 20:12:56.012] [main/DEBUG] [net.minecraftforge.registries.ForgeRegistry/REGISTRIES]: Registry minecraft:worldgen/foliage_placer_type Sync: VANILLA -> ACTIVE
[16lip2025 20:12:56.012] [main/DEBUG] [net.minecraftforge.registries.ForgeRegistry/REGISTRIES]: Registry minecraft:worldgen/tree_decorator_type Sync: VANILLA -> ACTIVE
[16lip2025 20:12:56.012] [main/DEBUG] [net.minecraftforge.registries.ForgeRegistry/REGISTRIES]: Registry minecraft:worldgen/biome Sync: VANILLA -> ACTIVE
[16lip2025 20:12:56.017] [main/DEBUG] [net.minecraftforge.registries.GameData/REGISTRIES]: Vanilla freeze snapshot created
[16lip2025 20:12:56.040] [main/DEBUG] [net.minecraftforge.fml.ModWorkManager/LOADING]: Using 12 threads for parallel mod-loading
[16lip2025 20:12:56.049] [main/DEBUG] [net.minecraftforge.fml.javafmlmod.FMLJavaModLanguageProvider/LOADING]: Loading FMLModContainer from classloader cpw.mods.modlauncher.TransformingClassLoader@15f35bc3 - got cpw.mods.cl.ModuleClassLoader@1ded7b14
[16lip2025 20:12:56.050] [main/DEBUG] [net.minecraftforge.fml.javafmlmod.FMLModContainer/LOADING]: Creating FMLModContainer instance for net.night.grasses.Grasses
[16lip2025 20:12:56.056] [main/DEBUG] [net.minecraftforge.fml.javafmlmod.FMLJavaModLanguageProvider/LOADING]: Loading FMLModContainer from classloader cpw.mods.modlauncher.TransformingClassLoader@15f35bc3 - got cpw.mods.cl.ModuleClassLoader@1ded7b14
[16lip2025 20:12:56.056] [main/DEBUG] [net.minecraftforge.fml.javafmlmod.FMLModContainer/LOADING]: Creating FMLModContainer instance for terrablender.core.TerraBlenderForge
[16lip2025 20:12:56.057] [main/DEBUG] [net.minecraftforge.fml.javafmlmod.FMLJavaModLanguageProvider/LOADING]: Loading FMLModContainer from classloader cpw.mods.modlauncher.TransformingClassLoader@15f35bc3 - got cpw.mods.cl.ModuleClassLoader@1ded7b14
[16lip2025 20:12:56.057] [main/DEBUG] [net.minecraftforge.fml.javafmlmod.FMLModContainer/LOADING]: Creating FMLModContainer instance for glitchcore.forge.GlitchCoreForge
[16lip2025 20:12:56.057] [main/DEBUG] [net.minecraftforge.fml.javafmlmod.FMLJavaModLanguageProvider/LOADING]: Loading FMLModContainer from classloader cpw.mods.modlauncher.TransformingClassLoader@15f35bc3 - got cpw.mods.cl.ModuleClassLoader@1ded7b14
[16lip2025 20:12:56.058] [main/DEBUG] [net.minecraftforge.fml.javafmlmod.FMLModContainer/LOADING]: Creating FMLModContainer instance for net.minecraftforge.common.ForgeMod
[16lip2025 20:12:56.060] [main/DEBUG] [net.minecraftforge.fml.javafmlmod.FMLJavaModLanguageProvider/LOADING]: Loading FMLModContainer from classloader cpw.mods.modlauncher.TransformingClassLoader@15f35bc3 - got cpw.mods.cl.ModuleClassLoader@1ded7b14
[16lip2025 20:12:56.060] [main/DEBUG] [net.minecraftforge.fml.javafmlmod.FMLModContainer/LOADING]: Creating FMLModContainer instance for biomesoplenty.forge.core.BiomesOPlentyForge
[16lip2025 20:12:56.061] [main/DEBUG] [net.minecraftforge.fml.javafmlmod.FMLJavaModLanguageProvider/LOADING]: Loading FMLModContainer from classloader cpw.mods.modlauncher.TransformingClassLoader@15f35bc3 - got cpw.mods.cl.ModuleClassLoader@1ded7b14
[16lip2025 20:12:56.061] [main/DEBUG] [net.minecraftforge.fml.javafmlmod.FMLModContainer/LOADING]: Creating FMLModContainer instance for com.teamremastered.endrem.EndRemastered
[16lip2025 20:12:56.061] [main/DEBUG] [net.minecraftforge.fml.javafmlmod.FMLJavaModLanguageProvider/LOADING]: Loading FMLModContainer from classloader cpw.mods.modlauncher.TransformingClassLoader@15f35bc3 - got cpw.mods.cl.ModuleClassLoader@1ded7b14
[16lip2025 20:12:56.062] [main/DEBUG] [net.minecraftforge.fml.javafmlmod.FMLModContainer/LOADING]: Creating FMLModContainer instance for vazkii.patchouli.forge.common.ForgeModInitializer
[16lip2025 20:12:56.062] [main/DEBUG] [net.minecraftforge.fml.javafmlmod.FMLJavaModLanguageProvider/LOADING]: Loading FMLModContainer from classloader cpw.mods.modlauncher.TransformingClassLoader@15f35bc3 - got cpw.mods.cl.ModuleClassLoader@1ded7b14
[16lip2025 20:12:56.063] [main/DEBUG] [net.minecraftforge.fml.javafmlmod.FMLModContainer/LOADING]: Creating FMLModContainer instance for com.ferreusveritas.dynamictrees.DynamicTrees
[16lip2025 20:12:56.063] [main/DEBUG] [net.minecraftforge.fml.javafmlmod.FMLJavaModLanguageProvider/LOADING]: Loading FMLModContainer from classloader cpw.mods.modlauncher.TransformingClassLoader@15f35bc3 - got cpw.mods.cl.ModuleClassLoader@1ded7b14
[16lip2025 20:12:56.063] [main/DEBUG] [net.minecraftforge.fml.javafmlmod.FMLModContainer/LOADING]: Creating FMLModContainer instance for snownee.jade.util.CommonProxy
[16lip2025 20:12:56.065] [main/DEBUG] [net.minecraftforge.fml.javafmlmod.FMLJavaModLanguageProvider/LOADING]: Loading FMLModContainer from classloader cpw.mods.modlauncher.TransformingClassLoader@15f35bc3 - got cpw.mods.cl.ModuleClassLoader@1ded7b14
[16lip2025 20:12:56.065] [main/DEBUG] [net.minecraftforge.fml.javafmlmod.FMLModContainer/LOADING]: Creating FMLModContainer instance for xaero.slots.SlotIDMod
[16lip2025 20:12:56.067] [main/DEBUG] [net.minecraftforge.fml.javafmlmod.FMLJavaModLanguageProvider/LOADING]: Loading FMLModContainer from classloader cpw.mods.modlauncher.TransformingClassLoader@15f35bc3 - got cpw.mods.cl.ModuleClassLoader@1ded7b14
[16lip2025 20:12:56.067] [main/DEBUG] [net.minecraftforge.fml.javafmlmod.FMLModContainer/LOADING]: Creating FMLModContainer instance for mezz.jei.forge.JustEnoughItems
[16lip2025 20:12:56.085] [modloading-worker-0/DEBUG] [net.minecraftforge.fml.javafmlmod.AutomaticEventSubscriber/LOADING]: Attempting to inject @EventBusSubscriber classes into the eventbus for glitchcore
[16lip2025 20:12:56.085] [modloading-worker-0/DEBUG] [mixin/]: Mixing client.AccessorKeyMapping from patchouli_xplat.mixins.json into net.minecraft.client.KeyMapping
[16lip2025 20:12:56.086] [modloading-worker-0/DEBUG] [mixin/]: Renaming @Accessor method getAllKeyMappings()Ljava/util/Map; to getAllKeyMappings_$md$1284cb$0 in patchouli_xplat.mixins.json:client.AccessorKeyMapping
[16lip2025 20:12:56.103] [modloading-worker-0/DEBUG] [net.minecraftforge.fml.javafmlmod.AutomaticEventSubscriber/LOADING]: Attempting to inject @EventBusSubscriber classes into the eventbus for terrablender
[16lip2025 20:12:56.105] [modloading-worker-0/DEBUG] [net.minecraftforge.fml.javafmlmod.AutomaticEventSubscriber/LOADING]: Auto-subscribing glitchcore.forge.handlers.VillagerTradesEventHandler to FORGE
[16lip2025 20:12:56.105] [modloading-worker-0/DEBUG] [net.minecraftforge.fml.javafmlmod.AutomaticEventSubscriber/LOADING]: Auto-subscribing terrablender.handler.InitializationHandler to FORGE
[16lip2025 20:12:56.114] [modloading-worker-0/DEBUG] [net.minecraftforge.fml.javafmlmod.AutomaticEventSubscriber/LOADING]: Auto-subscribing glitchcore.forge.handlers.TooltipEventHandler to FORGE
[16lip2025 20:12:56.123] [modloading-worker-0/DEBUG] [net.minecraftforge.fml.javafmlmod.AutomaticEventSubscriber/LOADING]: Auto-subscribing glitchcore.forge.handlers.ToolModificationEventHandler to FORGE
[16lip2025 20:12:56.127] [modloading-worker-0/DEBUG] [mixin/]: Mixing impl.MixinEnvironment from glitchcore.forge.mixins.json into glitchcore.util.Environment
[16lip2025 20:12:56.128] [modloading-worker-0/DEBUG] [net.minecraftforge.fml.config.ConfigTracker/CONFIG]: Config file jei-server.toml for jei tracking
[16lip2025 20:12:56.128] [modloading-worker-0/DEBUG] [net.minecraftforge.fml.config.ConfigTracker/CONFIG]: Config file patchouli-client.toml for patchouli tracking
[16lip2025 20:12:56.128] [modloading-worker-0/DEBUG] [net.minecraftforge.fml.config.ConfigTracker/CONFIG]: Config file endrem.toml for endrem tracking
[16lip2025 20:12:56.128] [modloading-worker-0/DEBUG] [net.minecraftforge.fml.config.ConfigTracker/CONFIG]: Config file grasses-common.toml for grasses tracking
[16lip2025 20:12:56.128] [modloading-worker-0/DEBUG] [net.minecraftforge.fml.config.ConfigTracker/CONFIG]: Config file dynamictrees-server.toml for dynamictrees tracking
[16lip2025 20:12:56.129] [modloading-worker-0/DEBUG] [net.minecraftforge.fml.config.ConfigTracker/CONFIG]: Config file grasses-client.toml for grasses tracking
[16lip2025 20:12:56.129] [modloading-worker-0/DEBUG] [net.minecraftforge.fml.config.ConfigTracker/CONFIG]: Config file dynamictrees-common.toml for dynamictrees tracking
[16lip2025 20:12:56.129] [modloading-worker-0/DEBUG] [net.minecraftforge.fml.ModLoadingContext/]: Attempted to register an empty config for type CLIENT on mod dynamictrees
[16lip2025 20:12:56.136] [modloading-worker-0/DEBUG] [net.minecraftforge.fml.javafmlmod.AutomaticEventSubscriber/LOADING]: Auto-subscribing glitchcore.forge.handlers.TickEventHandler to FORGE
[16lip2025 20:12:56.138] [modloading-worker-0/DEBUG] [net.minecraftforge.fml.javafmlmod.AutomaticEventSubscriber/LOADING]: Attempting to inject @EventBusSubscriber classes into the eventbus for patchouli
[16lip2025 20:12:56.138] [modloading-worker-0/DEBUG] [net.minecraftforge.fml.javafmlmod.AutomaticEventSubscriber/LOADING]: Auto-subscribing vazkii.patchouli.forge.common.ForgeModInitializer to MOD
[16lip2025 20:12:56.147] [modloading-worker-0/DEBUG] [net.minecraftforge.fml.javafmlmod.AutomaticEventSubscriber/LOADING]: Auto-subscribing vazkii.patchouli.forge.client.ForgeClientInitializer to MOD
[16lip2025 20:12:56.147] [modloading-worker-0/DEBUG] [net.minecraftforge.fml.javafmlmod.AutomaticEventSubscriber/LOADING]: Auto-subscribing glitchcore.forge.handlers.TagsUpdatedEventHandler to FORGE
[16lip2025 20:12:56.149] [modloading-worker-0/DEBUG] [net.minecraftforge.versions.forge.ForgeVersion/CORE]: Forge Version package package net.minecraftforge.versions.forge, Forge, version 47.3 from cpw.mods.modlauncher.TransformingClassLoader@15f35bc3
[16lip2025 20:12:56.149] [modloading-worker-0/DEBUG] [net.minecraftforge.versions.forge.ForgeVersion/CORE]: Found Forge version 47.3.22
[16lip2025 20:12:56.150] [modloading-worker-0/DEBUG] [net.minecraftforge.versions.forge.ForgeVersion/CORE]: Found Forge spec 47.3
[16lip2025 20:12:56.150] [modloading-worker-0/DEBUG] [net.minecraftforge.versions.forge.ForgeVersion/CORE]: Found Forge group net.minecraftforge
[16lip2025 20:12:56.152] [modloading-worker-0/DEBUG] [net.minecraftforge.versions.mcp.MCPVersion/CORE]: MCP Version package package net.minecraftforge.versions.mcp, Minecraft, version 1.20.1 from cpw.mods.modlauncher.TransformingClassLoader@15f35bc3
[16lip2025 20:12:56.152] [modloading-worker-0/DEBUG] [net.minecraftforge.versions.mcp.MCPVersion/CORE]: Found MC version information 1.20.1
[16lip2025 20:12:56.152] [modloading-worker-0/DEBUG] [net.minecraftforge.versions.mcp.MCPVersion/CORE]: Found MCP version information 20230612.114412
[16lip2025 20:12:56.152] [modloading-worker-0/INFO] [net.minecraftforge.common.ForgeMod/FORGEMOD]: Forge mod loading, version 47.3.22, for MC 1.20.1 with MCP 20230612.114412
[16lip2025 20:12:56.154] [modloading-worker-0/INFO] [net.minecraftforge.common.MinecraftForge/FORGE]: MinecraftForge v47.3.22 Initialized
[16lip2025 20:12:56.157] [modloading-worker-0/DEBUG] [net.minecraftforge.fml.javafmlmod.AutomaticEventSubscriber/LOADING]: Auto-subscribing glitchcore.forge.handlers.RegistryEventHandler to MOD
[16lip2025 20:12:56.161] [modloading-worker-0/DEBUG] [net.minecraftforge.fml.javafmlmod.AutomaticEventSubscriber/LOADING]: Auto-subscribing glitchcore.forge.handlers.RegisterParticleProvidersEventHandler to MOD
[16lip2025 20:12:56.168] [modloading-worker-0/DEBUG] [net.minecraftforge.fml.javafmlmod.AutomaticEventSubscriber/LOADING]: Attempting to inject @EventBusSubscriber classes into the eventbus for endrem
[16lip2025 20:12:56.168] [modloading-worker-0/DEBUG] [net.minecraftforge.fml.javafmlmod.AutomaticEventSubscriber/LOADING]: Auto-subscribing com.teamremastered.endrem.registers.RegisterHandler to MOD
[16lip2025 20:12:56.169] [modloading-worker-0/DEBUG] [net.minecraftforge.fml.javafmlmod.AutomaticEventSubscriber/LOADING]: Auto-subscribing com.teamremastered.endrem.events.ModEvents to FORGE
[16lip2025 20:12:56.173] [modloading-worker-0/DEBUG] [net.minecraftforge.fml.javafmlmod.AutomaticEventSubscriber/LOADING]: Auto-subscribing glitchcore.forge.handlers.RegisterCommandsEventHandler to FORGE
[16lip2025 20:12:56.182] [modloading-worker-0/DEBUG] [net.minecraftforge.fml.javafmlmod.AutomaticEventSubscriber/LOADING]: Auto-subscribing glitchcore.forge.handlers.PlayerQuitClientEventHandler to FORGE
[16lip2025 20:12:56.201] [modloading-worker-0/DEBUG] [mixin/]: Mixing client.AccessorScreen from patchouli_xplat.mixins.json into net.minecraft.client.gui.screens.Screen
[16lip2025 20:12:56.219] [modloading-worker-0/DEBUG] [mixin/]: Mixing client.MixinGuiGraphics from glitchcore.forge.mixins.json into net.minecraft.client.gui.GuiGraphics
[16lip2025 20:12:56.244] [modloading-worker-0/DEBUG] [net.minecraftforge.fml.javafmlmod.AutomaticEventSubscriber/LOADING]: Auto-subscribing glitchcore.forge.handlers.PlayerLoggedInEventHandler to FORGE
[16lip2025 20:12:56.245] [modloading-worker-0/DEBUG] [net.minecraftforge.fml.javafmlmod.AutomaticEventSubscriber/LOADING]: Attempting to inject @EventBusSubscriber classes into the eventbus for xaeronbtslotids
[16lip2025 20:12:56.246] [modloading-worker-0/DEBUG] [net.minecraftforge.fml.javafmlmod.AutomaticEventSubscriber/LOADING]: Auto-subscribing glitchcore.forge.handlers.LevelRenderEventHandler to FORGE
[16lip2025 20:12:56.255] [modloading-worker-0/DEBUG] [mixin/]: Mixing client.MixinLevelRenderer from patchouli_xplat.mixins.json into net.minecraft.client.renderer.LevelRenderer
[16lip2025 20:12:56.279] [modloading-worker-0/DEBUG] [mezz.jei.common.platform.Services/]: Loaded mezz.jei.forge.platform.PlatformHelper@71000a62 for service interface mezz.jei.common.platform.IPlatformHelper
[16lip2025 20:12:56.280] [modloading-worker-0/DEBUG] [net.minecraftforge.fml.javafmlmod.AutomaticEventSubscriber/LOADING]: Attempting to inject @EventBusSubscriber classes into the eventbus for jade
[16lip2025 20:12:56.306] [modloading-worker-0/DEBUG] [mixin/]: Mixing client.MixinMinecraft from glitchcore.mixins.json into net.minecraft.client.Minecraft
[16lip2025 20:12:56.314] [modloading-worker-0/DEBUG] [io.netty.util.internal.PlatformDependent0/]: -Dio.netty.noUnsafe: false
[16lip2025 20:12:56.314] [modloading-worker-0/DEBUG] [io.netty.util.internal.PlatformDependent0/]: Java version: 17
[16lip2025 20:12:56.316] [modloading-worker-0/DEBUG] [io.netty.util.internal.PlatformDependent0/]: sun.misc.Unsafe.theUnsafe: available
[16lip2025 20:12:56.316] [modloading-worker-0/DEBUG] [io.netty.util.internal.PlatformDependent0/]: sun.misc.Unsafe.copyMemory: available
[16lip2025 20:12:56.317] [modloading-worker-0/DEBUG] [io.netty.util.internal.PlatformDependent0/]: sun.misc.Unsafe.storeFence: available
[16lip2025 20:12:56.318] [modloading-worker-0/DEBUG] [io.netty.util.internal.PlatformDependent0/]: java.nio.Buffer.address: available
[16lip2025 20:12:56.319] [modloading-worker-0/DEBUG] [io.netty.util.internal.PlatformDependent0/]: direct buffer constructor: unavailable
java.lang.UnsupportedOperationException: Reflective setAccessible(true) disabled
	at io.netty.util.internal.ReflectionUtil.trySetAccessible(ReflectionUtil.java:31) ~[netty-common-4.1.82.Final.jar%23151!/:4.1.82.Final]
	at io.netty.util.internal.PlatformDependent0$5.run(PlatformDependent0.java:288) ~[netty-common-4.1.82.Final.jar%23151!/:4.1.82.Final]
	at java.security.AccessController.doPrivileged(AccessController.java:318) ~[?:?]
	at io.netty.util.internal.PlatformDependent0.<clinit>(PlatformDependent0.java:282) ~[netty-common-4.1.82.Final.jar%23151!/:4.1.82.Final]
	at io.netty.util.internal.PlatformDependent.isAndroid(PlatformDependent.java:333) ~[netty-common-4.1.82.Final.jar%23151!/:4.1.82.Final]
	at io.netty.util.internal.PlatformDependent.<clinit>(PlatformDependent.java:88) ~[netty-common-4.1.82.Final.jar%23151!/:4.1.82.Final]
	at io.netty.util.ConstantPool.<init>(ConstantPool.java:34) ~[netty-common-4.1.82.Final.jar%23151!/:4.1.82.Final]
	at io.netty.util.AttributeKey$1.<init>(AttributeKey.java:27) ~[netty-common-4.1.82.Final.jar%23151!/:4.1.82.Final]
	at io.netty.util.AttributeKey.<clinit>(AttributeKey.java:27) ~[netty-common-4.1.82.Final.jar%23151!/:4.1.82.Final]
	at net.minecraftforge.network.NetworkConstants.<clinit>(NetworkConstants.java:34) ~[forge-1.20.1-47.3.22_mapped_parchment_2023.09.03-1.20.1.jar%23190%23197!/:?]
	at net.minecraftforge.common.ForgeMod.<init>(ForgeMod.java:429) ~[forge-1.20.1-47.3.22_mapped_parchment_2023.09.03-1.20.1.jar%23190%23197!/:?]
	at jdk.internal.reflect.NativeConstructorAccessorImpl.newInstance0(Native Method) ~[?:?]
	at jdk.internal.reflect.NativeConstructorAccessorImpl.newInstance(NativeConstructorAccessorImpl.java:77) ~[?:?]
	at jdk.internal.reflect.DelegatingConstructorAccessorImpl.newInstance(DelegatingConstructorAccessorImpl.java:45) ~[?:?]
	at java.lang.reflect.Constructor.newInstanceWithCaller(Constructor.java:499) ~[?:?]
	at java.lang.reflect.Constructor.newInstance(Constructor.java:480) ~[?:?]
	at net.minecraftforge.fml.javafmlmod.FMLModContainer.constructMod(FMLModContainer.java:77) ~[javafmllanguage-1.20.1-47.3.22.jar%23192!/:?]
	at net.minecraftforge.fml.ModContainer.lambda$buildTransitionHandler$4(ModContainer.java:124) ~[fmlcore-1.20.1-47.3.22.jar%23195!/:?]
	at java.util.concurrent.CompletableFuture$AsyncRun.run(CompletableFuture.java:1804) ~[?:?]
	at java.util.concurrent.CompletableFuture$AsyncRun.exec(CompletableFuture.java:1796) ~[?:?]
	at java.util.concurrent.ForkJoinTask.doExec(ForkJoinTask.java:373) ~[?:?]
	at java.util.concurrent.ForkJoinPool$WorkQueue.topLevelExec(ForkJoinPool.java:1182) ~[?:?]
	at java.util.concurrent.ForkJoinPool.scan(ForkJoinPool.java:1655) ~[?:?]
	at java.util.concurrent.ForkJoinPool.runWorker(ForkJoinPool.java:1622) ~[?:?]
	at java.util.concurrent.ForkJoinWorkerThread.run(ForkJoinWorkerThread.java:165) ~[?:?]
[16lip2025 20:12:56.333] [modloading-worker-0/DEBUG] [io.netty.util.internal.PlatformDependent0/]: java.nio.Bits.unaligned: available, true
[16lip2025 20:12:56.335] [modloading-worker-0/DEBUG] [io.netty.util.internal.PlatformDependent0/]: jdk.internal.misc.Unsafe.allocateUninitializedArray(int): unavailable
java.lang.IllegalAccessException: class io.netty.util.internal.PlatformDependent0$7 (in module io.netty.common) cannot access class jdk.internal.misc.Unsafe (in module java.base) because module java.base does not export jdk.internal.misc to module io.netty.common
	at jdk.internal.reflect.Reflection.newIllegalAccessException(Reflection.java:392) ~[?:?]
	at java.lang.reflect.AccessibleObject.checkAccess(AccessibleObject.java:674) ~[?:?]
	at java.lang.reflect.Method.invoke(Method.java:560) ~[?:?]
	at io.netty.util.internal.PlatformDependent0$7.run(PlatformDependent0.java:410) ~[netty-common-4.1.82.Final.jar%23151!/:4.1.82.Final]
	at java.security.AccessController.doPrivileged(AccessController.java:318) ~[?:?]
	at io.netty.util.internal.PlatformDependent0.<clinit>(PlatformDependent0.java:401) ~[netty-common-4.1.82.Final.jar%23151!/:4.1.82.Final]
	at io.netty.util.internal.PlatformDependent.isAndroid(PlatformDependent.java:333) ~[netty-common-4.1.82.Final.jar%23151!/:4.1.82.Final]
	at io.netty.util.internal.PlatformDependent.<clinit>(PlatformDependent.java:88) ~[netty-common-4.1.82.Final.jar%23151!/:4.1.82.Final]
	at io.netty.util.ConstantPool.<init>(ConstantPool.java:34) ~[netty-common-4.1.82.Final.jar%23151!/:4.1.82.Final]
	at io.netty.util.AttributeKey$1.<init>(AttributeKey.java:27) ~[netty-common-4.1.82.Final.jar%23151!/:4.1.82.Final]
	at io.netty.util.AttributeKey.<clinit>(AttributeKey.java:27) ~[netty-common-4.1.82.Final.jar%23151!/:4.1.82.Final]
	at net.minecraftforge.network.NetworkConstants.<clinit>(NetworkConstants.java:34) ~[forge-1.20.1-47.3.22_mapped_parchment_2023.09.03-1.20.1.jar%23190%23197!/:?]
	at net.minecraftforge.common.ForgeMod.<init>(ForgeMod.java:429) ~[forge-1.20.1-47.3.22_mapped_parchment_2023.09.03-1.20.1.jar%23190%23197!/:?]
	at jdk.internal.reflect.NativeConstructorAccessorImpl.newInstance0(Native Method) ~[?:?]
	at jdk.internal.reflect.NativeConstructorAccessorImpl.newInstance(NativeConstructorAccessorImpl.java:77) ~[?:?]
	at jdk.internal.reflect.DelegatingConstructorAccessorImpl.newInstance(DelegatingConstructorAccessorImpl.java:45) ~[?:?]
	at java.lang.reflect.Constructor.newInstanceWithCaller(Constructor.java:499) ~[?:?]
	at java.lang.reflect.Constructor.newInstance(Constructor.java:480) ~[?:?]
	at net.minecraftforge.fml.javafmlmod.FMLModContainer.constructMod(FMLModContainer.java:77) ~[javafmllanguage-1.20.1-47.3.22.jar%23192!/:?]
	at net.minecraftforge.fml.ModContainer.lambda$buildTransitionHandler$4(ModContainer.java:124) ~[fmlcore-1.20.1-47.3.22.jar%23195!/:?]
	at java.util.concurrent.CompletableFuture$AsyncRun.run(CompletableFuture.java:1804) ~[?:?]
	at java.util.concurrent.CompletableFuture$AsyncRun.exec(CompletableFuture.java:1796) ~[?:?]
	at java.util.concurrent.ForkJoinTask.doExec(ForkJoinTask.java:373) ~[?:?]
	at java.util.concurrent.ForkJoinPool$WorkQueue.topLevelExec(ForkJoinPool.java:1182) ~[?:?]
	at java.util.concurrent.ForkJoinPool.scan(ForkJoinPool.java:1655) ~[?:?]
	at java.util.concurrent.ForkJoinPool.runWorker(ForkJoinPool.java:1622) ~[?:?]
	at java.util.concurrent.ForkJoinWorkerThread.run(ForkJoinWorkerThread.java:165) ~[?:?]
[16lip2025 20:12:56.338] [modloading-worker-0/DEBUG] [io.netty.util.internal.PlatformDependent0/]: java.nio.DirectByteBuffer.<init>(long, int): unavailable
[16lip2025 20:12:56.338] [modloading-worker-0/DEBUG] [io.netty.util.internal.PlatformDependent/]: sun.misc.Unsafe: available
[16lip2025 20:12:56.339] [modloading-worker-0/DEBUG] [io.netty.util.internal.PlatformDependent/]: maxDirectMemory: 6429868032 bytes (maybe)
[16lip2025 20:12:56.340] [modloading-worker-0/DEBUG] [io.netty.util.internal.PlatformDependent/]: -Dio.netty.tmpdir: C:\Users\Night\AppData\Local\Temp (java.io.tmpdir)
[16lip2025 20:12:56.340] [modloading-worker-0/DEBUG] [io.netty.util.internal.PlatformDependent/]: -Dio.netty.bitMode: 64 (sun.arch.data.model)
[16lip2025 20:12:56.341] [modloading-worker-0/DEBUG] [io.netty.util.internal.PlatformDependent/]: Platform: Windows
[16lip2025 20:12:56.342] [modloading-worker-0/DEBUG] [io.netty.util.internal.PlatformDependent/]: -Dio.netty.maxDirectMemory: -1 bytes
[16lip2025 20:12:56.342] [modloading-worker-0/DEBUG] [io.netty.util.internal.PlatformDependent/]: -Dio.netty.uninitializedArrayAllocationThreshold: -1
[16lip2025 20:12:56.343] [modloading-worker-0/DEBUG] [io.netty.util.internal.CleanerJava9/]: java.nio.ByteBuffer.cleaner(): available
[16lip2025 20:12:56.343] [modloading-worker-0/DEBUG] [io.netty.util.internal.PlatformDependent/]: -Dio.netty.noPreferDirect: false
[16lip2025 20:12:56.357] [modloading-worker-0/DEBUG] [net.minecraftforge.fml.javafmlmod.AutomaticEventSubscriber/LOADING]: Auto-subscribing glitchcore.forge.handlers.InteractionEventHandler to FORGE
[16lip2025 20:12:56.365] [modloading-worker-0/DEBUG] [net.minecraftforge.fml.javafmlmod.AutomaticEventSubscriber/LOADING]: Auto-subscribing glitchcore.forge.handlers.ColorsEventHandler to MOD
[16lip2025 20:12:56.373] [modloading-worker-0/DEBUG] [mixin/]: Mixing MixinBloodFluid from biomesoplenty.forge.mixins.json into biomesoplenty.block.BloodFluid
[16lip2025 20:12:56.381] [modloading-worker-0/DEBUG] [mixin/]: Mixing MixinLiquidNullFluid from biomesoplenty.forge.mixins.json into biomesoplenty.block.LiquidNullFluid
[16lip2025 20:12:56.407] [modloading-worker-0/DEBUG] [net.minecraftforge.fml.javafmlmod.AutomaticEventSubscriber/LOADING]: Attempting to inject @EventBusSubscriber classes into the eventbus for dynamictrees
[16lip2025 20:12:56.408] [modloading-worker-0/DEBUG] [net.minecraftforge.fml.javafmlmod.AutomaticEventSubscriber/LOADING]: Auto-subscribing com.ferreusveritas.dynamictrees.resources.Resources to FORGE
[16lip2025 20:12:56.414] [modloading-worker-0/DEBUG] [net.minecraftforge.common.ForgeMod/FORGEMOD]: Loading Network data for FML net version: FML3
[16lip2025 20:12:56.433] [modloading-worker-0/DEBUG] [mixin/]: Mixing TitleScreenMixin from mixins.grasses.json into net.minecraft.client.gui.screens.TitleScreen
[16lip2025 20:12:56.434] [modloading-worker-0/DEBUG] [mixin/]: Renaming synthetic method lambda$inject$0(Lnet/minecraft/client/Minecraft;Lnet/minecraft/network/chat/Component;Lnet/minecraft/network/chat/Component;)V to md1284cb$lambda$inject$0$0 in mixins.grasses.json:TitleScreenMixin
[16lip2025 20:12:56.451] [modloading-worker-0/DEBUG] [net.minecraftforge.fml.config.ConfigTracker/CONFIG]: Config file forge-client.toml for forge tracking
[16lip2025 20:12:56.451] [modloading-worker-0/DEBUG] [net.minecraftforge.fml.config.ConfigTracker/CONFIG]: Config file forge-server.toml for forge tracking
[16lip2025 20:12:56.451] [modloading-worker-0/DEBUG] [net.minecraftforge.fml.ModLoadingContext/]: Attempted to register an empty config for type COMMON on mod forge
[16lip2025 20:12:56.455] [modloading-worker-0/DEBUG] [mixin/]: Mixing client.MixinInventoryScreen from patchouli_xplat.mixins.json into net.minecraft.client.gui.screens.inventory.InventoryScreen
[16lip2025 20:12:56.496] [modloading-worker-0/DEBUG] [net.minecraftforge.fml.javafmlmod.AutomaticEventSubscriber/LOADING]: Attempting to inject @EventBusSubscriber classes into the eventbus for forge
[16lip2025 20:12:56.496] [modloading-worker-0/DEBUG] [net.minecraftforge.fml.javafmlmod.AutomaticEventSubscriber/LOADING]: Auto-subscribing net.minecraftforge.common.ForgeSpawnEggItem$CommonHandler to MOD
[16lip2025 20:12:56.499] [modloading-worker-0/DEBUG] [net.minecraftforge.fml.javafmlmod.AutomaticEventSubscriber/LOADING]: Auto-subscribing net.minecraftforge.common.ForgeSpawnEggItem$ColorRegisterHandler to MOD
[16lip2025 20:12:56.501] [modloading-worker-0/DEBUG] [net.minecraftforge.fml.javafmlmod.AutomaticEventSubscriber/LOADING]: Auto-subscribing net.minecraftforge.client.model.data.ModelDataManager to FORGE
[16lip2025 20:12:56.504] [modloading-worker-0/DEBUG] [net.minecraftforge.fml.javafmlmod.AutomaticEventSubscriber/LOADING]: Auto-subscribing net.minecraftforge.client.ForgeHooksClient$ClientEvents to MOD
[16lip2025 20:12:56.514] [modloading-worker-0/DEBUG] [net.minecraftforge.fml.javafmlmod.AutomaticEventSubscriber/LOADING]: Auto-subscribing net.minecraftforge.client.ClientForgeMod to MOD
[16lip2025 20:12:56.517] [modloading-worker-0/DEBUG] [net.minecraftforge.fml.javafmlmod.AutomaticEventSubscriber/LOADING]: Attempting to inject @EventBusSubscriber classes into the eventbus for biomesoplenty
[16lip2025 20:12:56.517] [modloading-worker-0/DEBUG] [net.minecraftforge.fml.javafmlmod.AutomaticEventSubscriber/LOADING]: Auto-subscribing biomesoplenty.forge.handler.MissingMappingsHandler to FORGE
[16lip2025 20:12:56.518] [modloading-worker-0/DEBUG] [net.minecraftforge.fml.javafmlmod.AutomaticEventSubscriber/LOADING]: Attempting to inject @EventBusSubscriber classes into the eventbus for grasses
[16lip2025 20:12:56.518] [modloading-worker-0/DEBUG] [net.minecraftforge.fml.javafmlmod.AutomaticEventSubscriber/LOADING]: Auto-subscribing net.night.grasses.colorManagers.BlockColorManager to MOD
[16lip2025 20:12:56.519] [modloading-worker-0/DEBUG] [net.minecraftforge.fml.javafmlmod.AutomaticEventSubscriber/LOADING]: Auto-subscribing biomesoplenty.forge.datagen.DataGenerationHandler to MOD
[16lip2025 20:12:56.522] [modloading-worker-0/DEBUG] [net.minecraftforge.fml.javafmlmod.AutomaticEventSubscriber/LOADING]: Auto-subscribing net.night.grasses.colorManagers.DyeingItemColorManager to MOD
[16lip2025 20:12:56.525] [modloading-worker-0/DEBUG] [net.minecraftforge.fml.javafmlmod.AutomaticEventSubscriber/LOADING]: Auto-subscribing net.night.grasses.colorManagers.GrassBlockColorManager to MOD
[16lip2025 20:12:56.529] [modloading-worker-0/DEBUG] [net.minecraftforge.fml.javafmlmod.AutomaticEventSubscriber/LOADING]: Auto-subscribing net.night.grasses.datagen.DataGenerators to MOD
[16lip2025 20:12:56.532] [modloading-worker-0/DEBUG] [net.minecraftforge.fml.javafmlmod.AutomaticEventSubscriber/LOADING]: Auto-subscribing net.night.grasses.event.ClientModEvents to MOD
[16lip2025 20:12:56.539] [modloading-worker-0/DEBUG] [net.minecraftforge.fml.javafmlmod.AutomaticEventSubscriber/LOADING]: Auto-subscribing net.night.grasses.event.CommonModEvents to MOD
[16lip2025 20:12:56.541] [modloading-worker-0/DEBUG] [net.minecraftforge.fml.javafmlmod.AutomaticEventSubscriber/LOADING]: Auto-subscribing net.night.grasses.event.ModEvents to FORGE
[16lip2025 20:12:56.552] [modloading-worker-0/DEBUG] [net.minecraftforge.fml.javafmlmod.AutomaticEventSubscriber/LOADING]: Auto-subscribing net.night.grasses.init.AdvancementRegister to FORGE
[16lip2025 20:12:56.553] [modloading-worker-0/DEBUG] [mezz.jei.common.config.file.ConfigSerializer/]: Loading config file: D:\Dysk\Minecraft Modding\Forge\1.20.1\Grasses\run-data\config\jei\jei-debug.ini
[16lip2025 20:12:56.555] [modloading-worker-0/DEBUG] [mezz.jei.common.config.file.ConfigSerializer/]: Saving config file: D:\Dysk\Minecraft Modding\Forge\1.20.1\Grasses\run-data\config\jei\jei-debug.ini
[16lip2025 20:12:56.570] [modloading-worker-0/DEBUG] [mezz.jei.common.config.file.ConfigSerializer/]: Loading config file: D:\Dysk\Minecraft Modding\Forge\1.20.1\Grasses\run-data\config\jei\jei-mod-id-format.ini
[16lip2025 20:12:56.572] [modloading-worker-0/DEBUG] [mezz.jei.common.config.file.ConfigSerializer/]: Saving config file: D:\Dysk\Minecraft Modding\Forge\1.20.1\Grasses\run-data\config\jei\jei-mod-id-format.ini
[16lip2025 20:12:56.584] [modloading-worker-0/DEBUG] [mezz.jei.common.config.file.ConfigSerializer/]: Loading config file: D:\Dysk\Minecraft Modding\Forge\1.20.1\Grasses\run-data\config\jei\jei-colors.ini
[16lip2025 20:12:56.586] [modloading-worker-0/DEBUG] [net.minecraftforge.fml.javafmlmod.AutomaticEventSubscriber/LOADING]: Auto-subscribing com.ferreusveritas.dynamictrees.init.DTTrees to MOD
[16lip2025 20:12:56.586] [modloading-worker-0/DEBUG] [mezz.jei.common.config.file.ConfigSerializer/]: Saving config file: D:\Dysk\Minecraft Modding\Forge\1.20.1\Grasses\run-data\config\jei\jei-colors.ini
[16lip2025 20:12:56.591] [modloading-worker-0/DEBUG] [net.minecraftforge.fml.javafmlmod.AutomaticEventSubscriber/LOADING]: Auto-subscribing com.ferreusveritas.dynamictrees.init.DTRegistries to MOD
[16lip2025 20:12:56.594] [modloading-worker-0/DEBUG] [net.minecraftforge.fml.javafmlmod.AutomaticEventSubscriber/LOADING]: Auto-subscribing com.ferreusveritas.dynamictrees.init.DTConfigs to MOD
[16lip2025 20:12:56.595] [modloading-worker-0/DEBUG] [net.minecraftforge.fml.javafmlmod.AutomaticEventSubscriber/LOADING]: Auto-subscribing com.ferreusveritas.dynamictrees.init.DTClient to MOD
[16lip2025 20:12:56.599] [modloading-worker-0/DEBUG] [net.minecraftforge.fml.javafmlmod.AutomaticEventSubscriber/LOADING]: Auto-subscribing com.ferreusveritas.dynamictrees.event.handler.BakedModelEventHandler to MOD
[16lip2025 20:12:56.601] [modloading-worker-0/DEBUG] [net.minecraftforge.fml.javafmlmod.AutomaticEventSubscriber/LOADING]: Auto-subscribing com.ferreusveritas.dynamictrees.api.client.ModelHelper to FORGE
[16lip2025 20:12:56.606] [modloading-worker-0/DEBUG] [mezz.jei.common.config.file.ConfigSerializer/]: Loading config file: D:\Dysk\Minecraft Modding\Forge\1.20.1\Grasses\run-data\config\jei\jei-client.ini
[16lip2025 20:12:56.608] [modloading-worker-0/DEBUG] [mezz.jei.common.config.file.ConfigSerializer/]: Saving config file: D:\Dysk\Minecraft Modding\Forge\1.20.1\Grasses\run-data\config\jei\jei-client.ini
[16lip2025 20:12:56.620] [modloading-worker-0/INFO] [mezz.jei.library.load.PluginCaller/]: Sending ConfigManager...
[16lip2025 20:12:56.624] [modloading-worker-0/DEBUG] [mezz.jei.library.load.PluginCallerTimerRunnable/]: Sending ConfigManager: jei:minecraft...
[16lip2025 20:12:56.624] [modloading-worker-0/DEBUG] [mezz.jei.library.load.PluginCallerTimerRunnable/]: Sending ConfigManager: grasses:jei_plugin...
[16lip2025 20:12:56.624] [modloading-worker-0/DEBUG] [mezz.jei.library.load.PluginCallerTimerRunnable/]: Sending ConfigManager: patchouli:patchouli...
[16lip2025 20:12:56.624] [modloading-worker-0/DEBUG] [mezz.jei.library.load.PluginCallerTimerRunnable/]: Sending ConfigManager: dynamictrees:dynamictrees...
[16lip2025 20:12:56.624] [modloading-worker-0/DEBUG] [mezz.jei.library.load.PluginCallerTimerRunnable/]: Sending ConfigManager: jade:main...
[16lip2025 20:12:56.624] [modloading-worker-0/DEBUG] [mezz.jei.library.load.PluginCallerTimerRunnable/]: Sending ConfigManager: jei:debug...
[16lip2025 20:12:56.624] [modloading-worker-0/DEBUG] [mezz.jei.library.load.PluginCallerTimerRunnable/]: Sending ConfigManager: jei:gui...
[16lip2025 20:12:56.624] [modloading-worker-0/DEBUG] [mezz.jei.library.load.PluginCallerTimerRunnable/]: Sending ConfigManager: jei:forge_gui...
[16lip2025 20:12:56.624] [modloading-worker-0/DEBUG] [mezz.jei.library.load.PluginCallerTimerRunnable/]: Sending ConfigManager: jei:internal...
[16lip2025 20:12:56.626] [modloading-worker-0/INFO] [mezz.jei.library.load.PluginCaller/]: Sending ConfigManager took 4.163 ms
[16lip2025 20:12:56.632] [modloading-worker-0/DEBUG] [net.minecraftforge.fml.javafmlmod.AutomaticEventSubscriber/LOADING]: Attempting to inject @EventBusSubscriber classes into the eventbus for jei
[16lip2025 20:12:56.760] [main/DEBUG] [com.ferreusveritas.dynamictrees.resources.Resources/]: Successfully loaded 2 tree packs.
[16lip2025 20:12:56.763] [main/DEBUG] [com.ferreusveritas.dynamictrees.api.registry.AbstractRegistry/REGISTRY_DUMP]: Name: FeatureCanceller
	Entry: dynamictrees:fungus, FungusFeatureCanceller{registryName=dynamictrees:fungus}
	Entry: dynamictrees:mushroom, MushroomFeatureCanceller{registryName=dynamictrees:mushroom}
	Entry: dynamictrees:null, {registryName=dynamictrees:null}
	Entry: dynamictrees:rooted_tree, TreeFeatureCanceller{registryName=dynamictrees:rooted_tree}
	Entry: dynamictrees:tree, TreeFeatureCanceller{registryName=dynamictrees:tree}

[16lip2025 20:12:56.786] [main/DEBUG] [net.minecraftforge.registries.ObjectHolderRegistry/REGISTRIES]: Processing ObjectHolder annotations
[16lip2025 20:12:56.809] [main/DEBUG] [net.minecraftforge.registries.ObjectHolderRegistry/REGISTRIES]: Found 4371 ObjectHolder annotations
[16lip2025 20:12:56.813] [main/DEBUG] [net.minecraftforge.common.capabilities.CapabilityManager/CAPABILITIES]: Attempting to automatically register: Lnet/minecraftforge/energy/IEnergyStorage;
[16lip2025 20:12:56.814] [main/DEBUG] [net.minecraftforge.common.capabilities.CapabilityManager/CAPABILITIES]: Attempting to automatically register: Lnet/minecraftforge/fluids/capability/IFluidHandler;
[16lip2025 20:12:56.814] [main/DEBUG] [net.minecraftforge.common.capabilities.CapabilityManager/CAPABILITIES]: Attempting to automatically register: Lnet/minecraftforge/fluids/capability/IFluidHandlerItem;
[16lip2025 20:12:56.814] [main/DEBUG] [net.minecraftforge.common.capabilities.CapabilityManager/CAPABILITIES]: Attempting to automatically register: Lnet/minecraftforge/items/IItemHandler;
[16lip2025 20:12:56.814] [main/DEBUG] [net.minecraftforge.registries.GameData/REGISTRIES]: Unfreezing vanilla registries
[16lip2025 20:12:56.821] [main/DEBUG] [net.minecraftforge.registries.GameData/REGISTRIES]: Applying holder lookups: minecraft:sound_event
[16lip2025 20:12:56.824] [main/DEBUG] [net.minecraftforge.registries.GameData/REGISTRIES]: Holder lookups applied: minecraft:sound_event
[16lip2025 20:12:56.828] [main/DEBUG] [net.minecraftforge.registries.GameData/REGISTRIES]: Applying holder lookups: minecraft:fluid
[16lip2025 20:12:56.829] [main/DEBUG] [net.minecraftforge.registries.GameData/REGISTRIES]: Holder lookups applied: minecraft:fluid
[16lip2025 20:12:57.164] [Worker-Main-1/DEBUG] [com.ferreusveritas.dynamictrees.api.resource.loading.preparation.JsonRegistryResourceLoader/]: Loaded and registered type "LeavesProperties": WartProperties{registryName=dynamictrees:warped}.
[16lip2025 20:12:57.166] [Worker-Main-1/DEBUG] [com.ferreusveritas.dynamictrees.api.resource.loading.preparation.JsonRegistryResourceLoader/]: Loaded and registered type "LeavesProperties": LeavesProperties{registryName=dynamictrees:spruce}.
[16lip2025 20:12:57.166] [Worker-Main-1/DEBUG] [com.ferreusveritas.dynamictrees.api.resource.loading.preparation.JsonRegistryResourceLoader/]: Loaded and registered type "LeavesProperties": ScruffyLeavesProperties{registryName=dynamictrees:oak_undergrowth}.
[16lip2025 20:12:57.166] [Worker-Main-1/DEBUG] [com.ferreusveritas.dynamictrees.api.resource.loading.preparation.JsonRegistryResourceLoader/]: Loaded and registered type "LeavesProperties": LeavesProperties{registryName=dynamictrees:oak}.
[16lip2025 20:12:57.167] [Worker-Main-1/DEBUG] [com.ferreusveritas.dynamictrees.api.resource.loading.preparation.JsonRegistryResourceLoader/]: Loaded and registered type "LeavesProperties": ScruffyLeavesProperties{registryName=dynamictrees:mangrove}.
[16lip2025 20:12:57.167] [Worker-Main-1/DEBUG] [com.ferreusveritas.dynamictrees.api.resource.loading.preparation.JsonRegistryResourceLoader/]: Loaded and registered type "LeavesProperties": ScruffyLeavesProperties{registryName=dynamictrees:jungle_undergrowth}.
[16lip2025 20:12:57.167] [Worker-Main-1/DEBUG] [com.ferreusveritas.dynamictrees.api.resource.loading.preparation.JsonRegistryResourceLoader/]: Loaded and registered type "LeavesProperties": LeavesProperties{registryName=dynamictrees:jungle}.
[16lip2025 20:12:57.169] [Worker-Main-1/DEBUG] [com.ferreusveritas.dynamictrees.api.resource.loading.preparation.JsonRegistryResourceLoader/]: Loaded and registered type "LeavesProperties": ScruffyLeavesProperties{registryName=dynamictrees:flowering_azalea}.
[16lip2025 20:12:57.169] [Worker-Main-1/DEBUG] [com.ferreusveritas.dynamictrees.api.resource.loading.preparation.JsonRegistryResourceLoader/]: Loaded and registered type "LeavesProperties": LeavesProperties{registryName=dynamictrees:dark_oak}.
[16lip2025 20:12:57.170] [Worker-Main-1/DEBUG] [com.ferreusveritas.dynamictrees.api.resource.loading.preparation.JsonRegistryResourceLoader/]: Loaded and registered type "LeavesProperties": WartProperties{registryName=dynamictrees:crimson}.
[16lip2025 20:12:57.170] [Worker-Main-1/DEBUG] [com.ferreusveritas.dynamictrees.api.resource.loading.preparation.JsonRegistryResourceLoader/]: Loaded and registered type "LeavesProperties": LeavesProperties{registryName=dynamictrees:cherry}.
[16lip2025 20:12:57.170] [Worker-Main-1/DEBUG] [com.ferreusveritas.dynamictrees.api.resource.loading.preparation.JsonRegistryResourceLoader/]: Loaded and registered type "LeavesProperties": LeavesProperties{registryName=dynamictrees:birch}.
[16lip2025 20:12:57.171] [Worker-Main-1/DEBUG] [com.ferreusveritas.dynamictrees.api.resource.loading.preparation.JsonRegistryResourceLoader/]: Loaded and registered type "LeavesProperties": LeavesProperties{registryName=dynamictrees:bare}.
[16lip2025 20:12:57.171] [Worker-Main-1/DEBUG] [com.ferreusveritas.dynamictrees.api.resource.loading.preparation.JsonRegistryResourceLoader/]: Loaded and registered type "LeavesProperties": ScruffyLeavesProperties{registryName=dynamictrees:azalea}.
[16lip2025 20:12:57.172] [Worker-Main-1/DEBUG] [com.ferreusveritas.dynamictrees.api.resource.loading.preparation.JsonRegistryResourceLoader/]: Loaded and registered type "LeavesProperties": LeavesProperties{registryName=dynamictrees:acacia}.
[16lip2025 20:12:57.182] [Worker-Main-1/DEBUG] [com.ferreusveritas.dynamictrees.api.resource.loading.preparation.JsonRegistryResourceLoader/]: Loaded and registered type "SoilProperties": dynamictrees:yellow_terracotta.
[16lip2025 20:12:57.183] [Worker-Main-1/DEBUG] [com.ferreusveritas.dynamictrees.api.resource.loading.preparation.JsonRegistryResourceLoader/]: Loaded and registered type "SoilProperties": dynamictrees:white_terracotta.
[16lip2025 20:12:57.184] [Worker-Main-1/DEBUG] [com.ferreusveritas.dynamictrees.api.resource.loading.preparation.JsonRegistryResourceLoader/]: Loaded and registered type "SoilProperties": dynamictrees:water.
[16lip2025 20:12:57.185] [Worker-Main-1/DEBUG] [com.ferreusveritas.dynamictrees.api.resource.loading.preparation.JsonRegistryResourceLoader/]: Loaded and registered type "SoilProperties": dynamictrees:warped_nylium.
[16lip2025 20:12:57.185] [Worker-Main-1/DEBUG] [com.ferreusveritas.dynamictrees.api.resource.loading.preparation.JsonRegistryResourceLoader/]: Loaded and registered type "SoilProperties": dynamictrees:terracotta.
[16lip2025 20:12:57.185] [Worker-Main-1/DEBUG] [com.ferreusveritas.dynamictrees.api.resource.loading.preparation.JsonRegistryResourceLoader/]: Loaded and registered type "SoilProperties": dynamictrees:soul_soil.
[16lip2025 20:12:57.186] [Worker-Main-1/DEBUG] [com.ferreusveritas.dynamictrees.api.resource.loading.preparation.JsonRegistryResourceLoader/]: Loaded and registered type "SoilProperties": dynamictrees:soul_sand.
[16lip2025 20:12:57.186] [Worker-Main-1/DEBUG] [com.ferreusveritas.dynamictrees.api.resource.loading.preparation.JsonRegistryResourceLoader/]: Loaded and registered type "SoilProperties": dynamictrees:snow_block.
[16lip2025 20:12:57.186] [Worker-Main-1/DEBUG] [com.ferreusveritas.dynamictrees.api.resource.loading.preparation.JsonRegistryResourceLoader/]: Loaded and registered type "SoilProperties": dynamictrees:sand.
[16lip2025 20:12:57.186] [Worker-Main-1/DEBUG] [com.ferreusveritas.dynamictrees.api.resource.loading.preparation.JsonRegistryResourceLoader/]: Loaded and registered type "SoilProperties": dynamictrees:rooted_dirt.
[16lip2025 20:12:57.187] [Worker-Main-1/DEBUG] [com.ferreusveritas.dynamictrees.api.resource.loading.preparation.JsonRegistryResourceLoader/]: Loaded and registered type "SoilProperties": dynamictrees:red_terracotta.
[16lip2025 20:12:57.187] [Worker-Main-1/DEBUG] [com.ferreusveritas.dynamictrees.api.resource.loading.preparation.JsonRegistryResourceLoader/]: Loaded and registered type "SoilProperties": dynamictrees:red_sand.
[16lip2025 20:12:57.187] [Worker-Main-1/DEBUG] [com.ferreusveritas.dynamictrees.api.resource.loading.preparation.JsonRegistryResourceLoader/]: Loaded and registered type "SoilProperties": dynamictrees:powder_snow.
[16lip2025 20:12:57.187] [Worker-Main-1/DEBUG] [com.ferreusveritas.dynamictrees.api.resource.loading.preparation.JsonRegistryResourceLoader/]: Loaded and registered type "SoilProperties": dynamictrees:podzol.
[16lip2025 20:12:57.188] [Worker-Main-1/DEBUG] [com.ferreusveritas.dynamictrees.api.resource.loading.preparation.JsonRegistryResourceLoader/]: Loaded and registered type "SoilProperties": dynamictrees:orange_terracotta.
[16lip2025 20:12:57.188] [Worker-Main-1/DEBUG] [com.ferreusveritas.dynamictrees.api.resource.loading.preparation.JsonRegistryResourceLoader/]: Loaded and registered type "SoilProperties": dynamictrees:netherrack.
[16lip2025 20:12:57.188] [Worker-Main-1/DEBUG] [com.ferreusveritas.dynamictrees.api.resource.loading.preparation.JsonRegistryResourceLoader/]: Loaded and registered type "SoilProperties": dynamictrees:mycelium.
[16lip2025 20:12:57.188] [Worker-Main-1/DEBUG] [com.ferreusveritas.dynamictrees.api.resource.loading.preparation.JsonRegistryResourceLoader/]: Loaded and registered type "SoilProperties": dynamictrees:mud.
[16lip2025 20:12:57.189] [Worker-Main-1/DEBUG] [com.ferreusveritas.dynamictrees.api.resource.loading.preparation.JsonRegistryResourceLoader/]: Loaded and registered type "SoilProperties": dynamictrees:moss_block.
[16lip2025 20:12:57.189] [Worker-Main-1/DEBUG] [com.ferreusveritas.dynamictrees.api.resource.loading.preparation.JsonRegistryResourceLoader/]: Loaded and registered type "SoilProperties": dynamictrees:moss.
[16lip2025 20:12:57.194] [Worker-Main-1/DEBUG] [com.ferreusveritas.dynamictrees.api.resource.loading.preparation.JsonRegistryResourceLoader/]: Loaded and registered type "SoilProperties": dynamictrees:mangrove_aerial_roots.
[16lip2025 20:12:57.194] [Worker-Main-1/DEBUG] [com.ferreusveritas.dynamictrees.api.resource.loading.preparation.JsonRegistryResourceLoader/]: Loaded and registered type "SoilProperties": dynamictrees:light_gray_terracotta.
[16lip2025 20:12:57.194] [Worker-Main-1/DEBUG] [com.ferreusveritas.dynamictrees.api.resource.loading.preparation.JsonRegistryResourceLoader/]: Loaded and registered type "SoilProperties": dynamictrees:gravel.
[16lip2025 20:12:57.195] [Worker-Main-1/DEBUG] [com.ferreusveritas.dynamictrees.api.resource.loading.preparation.JsonRegistryResourceLoader/]: Loaded and registered type "SoilProperties": dynamictrees:grass_block.
[16lip2025 20:12:57.195] [Worker-Main-1/DEBUG] [com.ferreusveritas.dynamictrees.api.resource.loading.preparation.JsonRegistryResourceLoader/]: Loaded and registered type "SoilProperties": dynamictrees:farmland.
[16lip2025 20:12:57.195] [Worker-Main-1/DEBUG] [com.ferreusveritas.dynamictrees.api.resource.loading.preparation.JsonRegistryResourceLoader/]: Loaded and registered type "SoilProperties": dynamictrees:end_stone.
[16lip2025 20:12:57.195] [Worker-Main-1/DEBUG] [com.ferreusveritas.dynamictrees.api.resource.loading.preparation.JsonRegistryResourceLoader/]: Loaded and registered type "SoilProperties": dynamictrees:dirt.
[16lip2025 20:12:57.195] [Worker-Main-1/DEBUG] [com.ferreusveritas.dynamictrees.api.resource.loading.preparation.JsonRegistryResourceLoader/]: Loaded and registered type "SoilProperties": dynamictrees:crimson_nylium.
[16lip2025 20:12:57.196] [Worker-Main-1/DEBUG] [com.ferreusveritas.dynamictrees.api.resource.loading.preparation.JsonRegistryResourceLoader/]: Loaded and registered type "SoilProperties": dynamictrees:coarse_dirt.
[16lip2025 20:12:57.196] [Worker-Main-1/DEBUG] [com.ferreusveritas.dynamictrees.api.resource.loading.preparation.JsonRegistryResourceLoader/]: Loaded and registered type "SoilProperties": dynamictrees:brown_terracotta.
[16lip2025 20:12:57.202] [Worker-Main-1/DEBUG] [com.ferreusveritas.dynamictrees.api.resource.loading.preparation.JsonRegistryResourceLoader/]: Loaded and registered type "Family": NetherFungusFamily{registryName=dynamictrees:warped, commonLeaves=WartProperties{registryName=dynamictrees:warped}, maxBranchRadius=24, hasSurfaceRoot=false, hasStrippedBranch=true}.
[16lip2025 20:12:57.203] [Worker-Main-1/DEBUG] [com.ferreusveritas.dynamictrees.api.resource.loading.preparation.JsonRegistryResourceLoader/]: Loaded and registered type "Family": Family{registryName=dynamictrees:spruce, commonLeaves=LeavesProperties{registryName=dynamictrees:spruce}, maxBranchRadius=24, hasSurfaceRoot=false, hasStrippedBranch=true}.
[16lip2025 20:12:57.204] [Worker-Main-1/DEBUG] [com.ferreusveritas.dynamictrees.api.resource.loading.preparation.JsonRegistryResourceLoader/]: Loaded and registered type "Family": Family{registryName=dynamictrees:oak, commonLeaves=LeavesProperties{registryName=dynamictrees:oak}, maxBranchRadius=8, hasSurfaceRoot=false, hasStrippedBranch=true}.
[16lip2025 20:12:57.206] [Worker-Main-1/DEBUG] [com.ferreusveritas.dynamictrees.api.resource.loading.preparation.JsonRegistryResourceLoader/]: Loaded and registered type "Family": MangroveFamily{registryName=dynamictrees:mangrove, commonLeaves=ScruffyLeavesProperties{registryName=dynamictrees:mangrove}, maxBranchRadius=8, hasSurfaceRoot=false, hasStrippedBranch=true}.
[16lip2025 20:12:57.207] [Worker-Main-1/DEBUG] [com.ferreusveritas.dynamictrees.api.resource.loading.preparation.JsonRegistryResourceLoader/]: Loaded and registered type "Family": Family{registryName=dynamictrees:jungle, commonLeaves=LeavesProperties{registryName=dynamictrees:jungle}, maxBranchRadius=24, hasSurfaceRoot=true, hasStrippedBranch=true}.
[16lip2025 20:12:57.208] [Worker-Main-1/DEBUG] [com.ferreusveritas.dynamictrees.api.resource.loading.preparation.JsonRegistryResourceLoader/]: Loaded and registered type "Family": Family{registryName=dynamictrees:dark_oak, commonLeaves=LeavesProperties{registryName=dynamictrees:dark_oak}, maxBranchRadius=24, hasSurfaceRoot=true, hasStrippedBranch=true}.
[16lip2025 20:12:57.208] [Worker-Main-1/DEBUG] [com.ferreusveritas.dynamictrees.api.resource.loading.preparation.JsonRegistryResourceLoader/]: Loaded and registered type "Family": NetherFungusFamily{registryName=dynamictrees:crimson, commonLeaves=WartProperties{registryName=dynamictrees:crimson}, maxBranchRadius=24, hasSurfaceRoot=false, hasStrippedBranch=true}.
[16lip2025 20:12:57.209] [Worker-Main-1/DEBUG] [com.ferreusveritas.dynamictrees.api.resource.loading.preparation.JsonRegistryResourceLoader/]: Loaded and registered type "Family": Family{registryName=dynamictrees:cherry, commonLeaves=LeavesProperties{registryName=dynamictrees:cherry}, maxBranchRadius=8, hasSurfaceRoot=false, hasStrippedBranch=true}.
[16lip2025 20:12:57.209] [Worker-Main-1/DEBUG] [com.ferreusveritas.dynamictrees.api.resource.loading.preparation.JsonRegistryResourceLoader/]: Loaded and registered type "Family": Family{registryName=dynamictrees:birch, commonLeaves=LeavesProperties{registryName=dynamictrees:birch}, maxBranchRadius=8, hasSurfaceRoot=false, hasStrippedBranch=true}.
[16lip2025 20:12:57.209] [Worker-Main-1/DEBUG] [com.ferreusveritas.dynamictrees.api.resource.loading.preparation.JsonRegistryResourceLoader/]: Loaded and registered type "Family": Family{registryName=dynamictrees:acacia, commonLeaves=LeavesProperties{registryName=dynamictrees:acacia}, maxBranchRadius=8, hasSurfaceRoot=false, hasStrippedBranch=true}.
[16lip2025 20:12:57.225] [Worker-Main-1/DEBUG] [com.ferreusveritas.dynamictrees.api.resource.loading.preparation.JsonRegistryResourceLoader/]: Loaded and registered type "Fruit": Fruit{registryName=dynamictrees:apple}.
[16lip2025 20:12:57.232] [Worker-Main-1/DEBUG] [com.ferreusveritas.dynamictrees.api.resource.loading.preparation.JsonRegistryResourceLoader/]: Loaded and registered type "Pod": Pod{registryName=dynamictrees:cocoa}.
[16lip2025 20:12:57.240] [Worker-Main-1/DEBUG] [com.ferreusveritas.dynamictrees.api.resource.loading.preparation.JsonRegistryResourceLoader/]: Loaded and registered type "Species": NetherFungusSpecies{registryName=dynamictrees:warped, seed=null, sapling=null}.
[16lip2025 20:12:57.241] [Worker-Main-1/DEBUG] [com.ferreusveritas.dynamictrees.api.resource.loading.preparation.JsonRegistryResourceLoader/]: Loaded and registered type "Species": Species{registryName=dynamictrees:tall_birch, seed=null, sapling=null}.
[16lip2025 20:12:57.243] [Worker-Main-1/DEBUG] [com.ferreusveritas.dynamictrees.api.resource.loading.preparation.JsonRegistryResourceLoader/]: Loaded and registered type "Species": SwampOakSpecies{registryName=dynamictrees:swamp_oak, seed=null, sapling=null}.
[16lip2025 20:12:57.243] [Worker-Main-1/DEBUG] [com.ferreusveritas.dynamictrees.api.resource.loading.preparation.JsonRegistryResourceLoader/]: Loaded and registered type "Species": Species{registryName=dynamictrees:spruce, seed=null, sapling=null}.
[16lip2025 20:12:57.243] [Worker-Main-1/DEBUG] [com.ferreusveritas.dynamictrees.api.resource.loading.preparation.JsonRegistryResourceLoader/]: Loaded and registered type "Species": Species{registryName=dynamictrees:oak_undergrowth, seed=null, sapling=null}.
[16lip2025 20:12:57.243] [Worker-Main-1/DEBUG] [com.ferreusveritas.dynamictrees.api.resource.loading.preparation.JsonRegistryResourceLoader/]: Loaded and registered type "Species": Species{registryName=dynamictrees:oak, seed=null, sapling=null}.
[16lip2025 20:12:57.244] [Worker-Main-1/DEBUG] [com.ferreusveritas.dynamictrees.api.resource.loading.preparation.JsonRegistryResourceLoader/]: Loaded and registered type "Species": NetherFungusSpecies{registryName=dynamictrees:mega_warped, seed=null, sapling=null}.
[16lip2025 20:12:57.244] [Worker-Main-1/DEBUG] [com.ferreusveritas.dynamictrees.api.resource.loading.preparation.JsonRegistryResourceLoader/]: Loaded and registered type "Species": Species{registryName=dynamictrees:mega_spruce, seed=null, sapling=null}.
[16lip2025 20:12:57.244] [Worker-Main-1/DEBUG] [com.ferreusveritas.dynamictrees.api.resource.loading.preparation.JsonRegistryResourceLoader/]: Loaded and registered type "Species": Species{registryName=dynamictrees:mega_jungle, seed=null, sapling=null}.
[16lip2025 20:12:57.245] [Worker-Main-1/DEBUG] [com.ferreusveritas.dynamictrees.api.resource.loading.preparation.JsonRegistryResourceLoader/]: Loaded and registered type "Species": NetherFungusSpecies{registryName=dynamictrees:mega_crimson, seed=null, sapling=null}.
[16lip2025 20:12:57.245] [Worker-Main-1/DEBUG] [com.ferreusveritas.dynamictrees.api.resource.loading.preparation.JsonRegistryResourceLoader/]: Loaded and registered type "Species": MangroveSpecies{registryName=dynamictrees:mangrove, seed=null, sapling=null}.
[16lip2025 20:12:57.245] [Worker-Main-1/DEBUG] [com.ferreusveritas.dynamictrees.api.resource.loading.preparation.JsonRegistryResourceLoader/]: Loaded and registered type "Species": Species{registryName=dynamictrees:jungle_undergrowth, seed=null, sapling=null}.
[16lip2025 20:12:57.246] [Worker-Main-1/DEBUG] [com.ferreusveritas.dynamictrees.api.resource.loading.preparation.JsonRegistryResourceLoader/]: Loaded and registered type "Species": Species{registryName=dynamictrees:jungle, seed=null, sapling=null}.
[16lip2025 20:12:57.246] [Worker-Main-1/DEBUG] [com.ferreusveritas.dynamictrees.api.resource.loading.preparation.JsonRegistryResourceLoader/]: Loaded and registered type "Species": Species{registryName=dynamictrees:dark_oak, seed=null, sapling=null}.
[16lip2025 20:12:57.246] [Worker-Main-1/DEBUG] [com.ferreusveritas.dynamictrees.api.resource.loading.preparation.JsonRegistryResourceLoader/]: Loaded and registered type "Species": NetherFungusSpecies{registryName=dynamictrees:crimson, seed=null, sapling=null}.
[16lip2025 20:12:57.247] [Worker-Main-1/DEBUG] [com.ferreusveritas.dynamictrees.api.resource.loading.preparation.JsonRegistryResourceLoader/]: Loaded and registered type "Species": Species{registryName=dynamictrees:cocoa, seed=null, sapling=null}.
[16lip2025 20:12:57.247] [Worker-Main-1/DEBUG] [com.ferreusveritas.dynamictrees.api.resource.loading.preparation.JsonRegistryResourceLoader/]: Loaded and registered type "Species": Species{registryName=dynamictrees:cherry, seed=null, sapling=null}.
[16lip2025 20:12:57.248] [Worker-Main-1/DEBUG] [com.ferreusveritas.dynamictrees.api.resource.loading.preparation.JsonRegistryResourceLoader/]: Loaded and registered type "Species": Species{registryName=dynamictrees:birch, seed=null, sapling=null}.
[16lip2025 20:12:57.248] [Worker-Main-1/DEBUG] [com.ferreusveritas.dynamictrees.api.resource.loading.preparation.JsonRegistryResourceLoader/]: Loaded and registered type "Species": Species{registryName=dynamictrees:azalea, seed=null, sapling=null}.
[16lip2025 20:12:57.248] [Worker-Main-1/DEBUG] [com.ferreusveritas.dynamictrees.api.resource.loading.preparation.JsonRegistryResourceLoader/]: Loaded and registered type "Species": Species{registryName=dynamictrees:apple_oak, seed=null, sapling=null}.
[16lip2025 20:12:57.249] [Worker-Main-1/DEBUG] [com.ferreusveritas.dynamictrees.api.resource.loading.preparation.JsonRegistryResourceLoader/]: Loaded and registered type "Species": Species{registryName=dynamictrees:acacia, seed=null, sapling=null}.
[16lip2025 20:12:57.260] [main/DEBUG] [com.ferreusveritas.dynamictrees.api.registry.AbstractRegistry/REGISTRY_DUMP]: Name: CellKit
	Entry: dynamictrees:acacia, {registryName=dynamictrees:acacia}
	Entry: dynamictrees:azalea, {registryName=dynamictrees:azalea}
	Entry: dynamictrees:bare, {registryName=dynamictrees:bare}
	Entry: dynamictrees:conifer, {registryName=dynamictrees:conifer}
	Entry: dynamictrees:dark_oak, {registryName=dynamictrees:dark_oak}
	Entry: dynamictrees:deciduous, {registryName=dynamictrees:deciduous}
	Entry: dynamictrees:nether_fungus, {registryName=dynamictrees:nether_fungus}
	Entry: dynamictrees:null, {registryName=dynamictrees:null}
	Entry: dynamictrees:palm, {registryName=dynamictrees:palm}

[16lip2025 20:12:57.261] [main/DEBUG] [com.ferreusveritas.dynamictrees.api.registry.AbstractRegistry/REGISTRY_DUMP]: Name: LeavesProperties
	Entry: dynamictrees:acacia, LeavesProperties{registryName=dynamictrees:acacia}
	Entry: dynamictrees:azalea, ScruffyLeavesProperties{registryName=dynamictrees:azalea}
	Entry: dynamictrees:bare, LeavesProperties{registryName=dynamictrees:bare}
	Entry: dynamictrees:birch, LeavesProperties{registryName=dynamictrees:birch}
	Entry: dynamictrees:cherry, LeavesProperties{registryName=dynamictrees:cherry}
	Entry: dynamictrees:crimson, WartProperties{registryName=dynamictrees:crimson}
	Entry: dynamictrees:dark_oak, LeavesProperties{registryName=dynamictrees:dark_oak}
	Entry: dynamictrees:flowering_azalea, ScruffyLeavesProperties{registryName=dynamictrees:flowering_azalea}
	Entry: dynamictrees:jungle, LeavesProperties{registryName=dynamictrees:jungle}
	Entry: dynamictrees:jungle_undergrowth, ScruffyLeavesProperties{registryName=dynamictrees:jungle_undergrowth}
	Entry: dynamictrees:mangrove, ScruffyLeavesProperties{registryName=dynamictrees:mangrove}
	Entry: dynamictrees:null, {registryName=dynamictrees:null}
	Entry: dynamictrees:oak, LeavesProperties{registryName=dynamictrees:oak}
	Entry: dynamictrees:oak_undergrowth, ScruffyLeavesProperties{registryName=dynamictrees:oak_undergrowth}
	Entry: dynamictrees:spruce, LeavesProperties{registryName=dynamictrees:spruce}
	Entry: dynamictrees:warped, WartProperties{registryName=dynamictrees:warped}

[16lip2025 20:12:57.261] [main/DEBUG] [com.ferreusveritas.dynamictrees.api.registry.AbstractRegistry/REGISTRY_DUMP]: Name: GrowthLogicKit
	Entry: dynamictrees:azalea, AzaleaLogic{registryName=dynamictrees:azalea}
	Entry: dynamictrees:conifer, ConiferLogic{registryName=dynamictrees:conifer}
	Entry: dynamictrees:dark_oak, DarkOakLogic{registryName=dynamictrees:dark_oak}
	Entry: dynamictrees:jungle, JungleLogic{registryName=dynamictrees:jungle}
	Entry: dynamictrees:mangrove_roots, MangroveRootsLogic{registryName=dynamictrees:mangrove_roots}
	Entry: dynamictrees:nether_fungus, NetherFungusLogic{registryName=dynamictrees:nether_fungus}
	Entry: dynamictrees:null, {registryName=dynamictrees:null}
	Entry: dynamictrees:palm, PalmGrowthLogic{registryName=dynamictrees:palm}

[16lip2025 20:12:57.261] [main/DEBUG] [com.ferreusveritas.dynamictrees.api.registry.AbstractRegistry/REGISTRY_DUMP]: Name: Family
	Entry: dynamictrees:acacia, Family{registryName=dynamictrees:acacia}
	Entry: dynamictrees:birch, Family{registryName=dynamictrees:birch}
	Entry: dynamictrees:cherry, Family{registryName=dynamictrees:cherry}
	Entry: dynamictrees:crimson, NetherFungusFamily{registryName=dynamictrees:crimson}
	Entry: dynamictrees:dark_oak, Family{registryName=dynamictrees:dark_oak}
	Entry: dynamictrees:jungle, Family{registryName=dynamictrees:jungle}
	Entry: dynamictrees:mangrove, MangroveFamily{registryName=dynamictrees:mangrove}
	Entry: dynamictrees:null, {registryName=dynamictrees:null}
	Entry: dynamictrees:oak, Family{registryName=dynamictrees:oak}
	Entry: dynamictrees:spruce, Family{registryName=dynamictrees:spruce}
	Entry: dynamictrees:warped, NetherFungusFamily{registryName=dynamictrees:warped}

[16lip2025 20:12:57.261] [main/DEBUG] [com.ferreusveritas.dynamictrees.api.registry.AbstractRegistry/REGISTRY_DUMP]: Name: GenFeature
	Entry: dynamictrees:alt_leaves, AlternativeLeavesGenFeature{registryName=dynamictrees:alt_leaves}
	Entry: dynamictrees:bee_nest, BeeNestGenFeature{registryName=dynamictrees:bee_nest}
	Entry: dynamictrees:biome_predicate, BiomePredicateGenFeature{registryName=dynamictrees:biome_predicate}
	Entry: dynamictrees:bottom_flare, BottomFlareGenFeature{registryName=dynamictrees:bottom_flare}
	Entry: dynamictrees:bush, BushGenFeature{registryName=dynamictrees:bush}
	Entry: dynamictrees:clear_volume, ClearVolumeGenFeature{registryName=dynamictrees:clear_volume}
	Entry: dynamictrees:conifer_topper, ConiferTopperGenFeature{registryName=dynamictrees:conifer_topper}
	Entry: dynamictrees:fruit, FruitGenFeature{registryName=dynamictrees:fruit}
	Entry: dynamictrees:huge_mushroom, HugeMushroomGenFeature{registryName=dynamictrees:huge_mushroom}
	Entry: dynamictrees:huge_mushrooms, HugeMushroomsGenFeature{registryName=dynamictrees:huge_mushrooms}
	Entry: dynamictrees:mound, MoundGenFeature{registryName=dynamictrees:mound}
	Entry: dynamictrees:mushroom_rot, MushroomRotGenFeature{registryName=dynamictrees:mushroom_rot}
	Entry: dynamictrees:null, {registryName=dynamictrees:null}
	Entry: dynamictrees:pod, PodGenFeature{registryName=dynamictrees:pod}
	Entry: dynamictrees:podzol, PodzolGenFeature{registryName=dynamictrees:podzol}
	Entry: dynamictrees:random_predicate, RandomPredicateGenFeature{registryName=dynamictrees:random_predicate}
	Entry: dynamictrees:root_system, RootSystemGenFeature{registryName=dynamictrees:root_system}
	Entry: dynamictrees:roots, RootsGenFeature{registryName=dynamictrees:roots}
	Entry: dynamictrees:rot_soil, RotSoilGenFeature{registryName=dynamictrees:rot_soil}
	Entry: dynamictrees:shroomlight, ShroomlightGenFeature{registryName=dynamictrees:shroomlight}
	Entry: dynamictrees:undergrowth, UndergrowthGenFeature{registryName=dynamictrees:undergrowth}
	Entry: dynamictrees:vines, VinesGenFeature{registryName=dynamictrees:vines}

[16lip2025 20:12:57.262] [main/DEBUG] [com.ferreusveritas.dynamictrees.api.registry.AbstractRegistry/REGISTRY_DUMP]: Name: Fruit
	Entry: dynamictrees:apple, Fruit{registryName=dynamictrees:apple}
	Entry: dynamictrees:null, Fruit{registryName=dynamictrees:null}

[16lip2025 20:12:57.262] [main/DEBUG] [com.ferreusveritas.dynamictrees.api.registry.AbstractRegistry/REGISTRY_DUMP]: Name: Pod
	Entry: dynamictrees:cocoa, Pod{registryName=dynamictrees:cocoa}
	Entry: dynamictrees:null, Pod{registryName=dynamictrees:null}

[16lip2025 20:12:57.262] [main/DEBUG] [com.ferreusveritas.dynamictrees.api.registry.AbstractRegistry/REGISTRY_DUMP]: Name: Species
	Entry: dynamictrees:acacia, Species{registryName=dynamictrees:acacia}
	Entry: dynamictrees:apple_oak, Species{registryName=dynamictrees:apple_oak}
	Entry: dynamictrees:azalea, Species{registryName=dynamictrees:azalea}
	Entry: dynamictrees:birch, Species{registryName=dynamictrees:birch}
	Entry: dynamictrees:brown_mushroom, FakeMushroomSpecies{registryName=dynamictrees:brown_mushroom}
	Entry: dynamictrees:cherry, Species{registryName=dynamictrees:cherry}
	Entry: dynamictrees:cocoa, Species{registryName=dynamictrees:cocoa}
	Entry: dynamictrees:crimson, NetherFungusSpecies{registryName=dynamictrees:crimson}
	Entry: dynamictrees:dark_oak, Species{registryName=dynamictrees:dark_oak}
	Entry: dynamictrees:jungle, Species{registryName=dynamictrees:jungle}
	Entry: dynamictrees:jungle_undergrowth, Species{registryName=dynamictrees:jungle_undergrowth}
	Entry: dynamictrees:mangrove, MangroveSpecies{registryName=dynamictrees:mangrove}
	Entry: dynamictrees:mega_crimson, NetherFungusSpecies{registryName=dynamictrees:mega_crimson}
	Entry: dynamictrees:mega_jungle, Species{registryName=dynamictrees:mega_jungle}
	Entry: dynamictrees:mega_spruce, Species{registryName=dynamictrees:mega_spruce}
	Entry: dynamictrees:mega_warped, NetherFungusSpecies{registryName=dynamictrees:mega_warped}
	Entry: dynamictrees:null, {registryName=dynamictrees:null}
	Entry: dynamictrees:oak, Species{registryName=dynamictrees:oak}
	Entry: dynamictrees:oak_undergrowth, Species{registryName=dynamictrees:oak_undergrowth}
	Entry: dynamictrees:red_mushroom, FakeMushroomSpecies{registryName=dynamictrees:red_mushroom}
	Entry: dynamictrees:spruce, Species{registryName=dynamictrees:spruce}
	Entry: dynamictrees:swamp_oak, SwampOakSpecies{registryName=dynamictrees:swamp_oak}
	Entry: dynamictrees:tall_birch, Species{registryName=dynamictrees:tall_birch}
	Entry: dynamictrees:warped, NetherFungusSpecies{registryName=dynamictrees:warped}

[16lip2025 20:12:57.263] [main/DEBUG] [com.ferreusveritas.dynamictrees.api.registry.AbstractRegistry/REGISTRY_DUMP]: Name: SoilProperties
	Entry: dynamictrees:brown_terracotta, dynamictrees:brown_terracotta
	Entry: dynamictrees:coarse_dirt, dynamictrees:coarse_dirt
	Entry: dynamictrees:crimson_nylium, dynamictrees:crimson_nylium
	Entry: dynamictrees:dirt, dynamictrees:dirt
	Entry: dynamictrees:end_stone, dynamictrees:end_stone
	Entry: dynamictrees:farmland, dynamictrees:farmland
	Entry: dynamictrees:grass_block, dynamictrees:grass_block
	Entry: dynamictrees:gravel, dynamictrees:gravel
	Entry: dynamictrees:light_gray_terracotta, dynamictrees:light_gray_terracotta
	Entry: dynamictrees:mangrove_aerial_roots, dynamictrees:mangrove_aerial_roots
	Entry: dynamictrees:moss, dynamictrees:moss
	Entry: dynamictrees:moss_block, dynamictrees:moss_block
	Entry: dynamictrees:mud, dynamictrees:mud
	Entry: dynamictrees:mycelium, dynamictrees:mycelium
	Entry: dynamictrees:netherrack, dynamictrees:netherrack
	Entry: dynamictrees:null, dynamictrees:null
	Entry: dynamictrees:orange_terracotta, dynamictrees:orange_terracotta
	Entry: dynamictrees:podzol, dynamictrees:podzol
	Entry: dynamictrees:powder_snow, dynamictrees:powder_snow
	Entry: dynamictrees:red_sand, dynamictrees:red_sand
	Entry: dynamictrees:red_terracotta, dynamictrees:red_terracotta
	Entry: dynamictrees:rooted_dirt, dynamictrees:rooted_dirt
	Entry: dynamictrees:sand, dynamictrees:sand
	Entry: dynamictrees:snow_block, dynamictrees:snow_block
	Entry: dynamictrees:soul_sand, dynamictrees:soul_sand
	Entry: dynamictrees:soul_soil, dynamictrees:soul_soil
	Entry: dynamictrees:terracotta, dynamictrees:terracotta
	Entry: dynamictrees:warped_nylium, dynamictrees:warped_nylium
	Entry: dynamictrees:water, dynamictrees:water
	Entry: dynamictrees:white_terracotta, dynamictrees:white_terracotta
	Entry: dynamictrees:yellow_terracotta, dynamictrees:yellow_terracotta

[16lip2025 20:12:57.369] [main/DEBUG] [net.minecraftforge.registries.GameData/REGISTRIES]: Applying holder lookups: minecraft:block
[16lip2025 20:12:57.370] [main/DEBUG] [net.minecraftforge.registries.GameData/REGISTRIES]: Holder lookups applied: minecraft:block
[16lip2025 20:12:57.371] [main/DEBUG] [net.minecraftforge.registries.GameData/REGISTRIES]: Applying holder lookups: minecraft:attribute
[16lip2025 20:12:57.371] [main/DEBUG] [net.minecraftforge.registries.GameData/REGISTRIES]: Holder lookups applied: minecraft:attribute
[16lip2025 20:12:57.371] [main/DEBUG] [net.minecraftforge.registries.GameData/REGISTRIES]: Applying holder lookups: minecraft:mob_effect
[16lip2025 20:12:57.372] [main/DEBUG] [net.minecraftforge.registries.GameData/REGISTRIES]: Holder lookups applied: minecraft:mob_effect
[16lip2025 20:12:57.372] [main/DEBUG] [net.minecraftforge.registries.GameData/REGISTRIES]: Applying holder lookups: minecraft:particle_type
[16lip2025 20:12:57.373] [main/DEBUG] [net.minecraftforge.registries.GameData/REGISTRIES]: Holder lookups applied: minecraft:particle_type
[16lip2025 20:12:57.386] [main/DEBUG] [mixin/]: Mixing impl.MixinBlockHelper from glitchcore.forge.mixins.json into glitchcore.util.BlockHelper
[16lip2025 20:12:57.393] [main/DEBUG] [net.minecraftforge.registries.GameData/REGISTRIES]: Applying holder lookups: minecraft:item
[16lip2025 20:12:57.395] [main/DEBUG] [net.minecraftforge.registries.GameData/REGISTRIES]: Holder lookups applied: minecraft:item
[16lip2025 20:12:57.402] [main/DEBUG] [net.minecraftforge.registries.GameData/REGISTRIES]: Applying holder lookups: minecraft:entity_type
[16lip2025 20:12:57.402] [main/DEBUG] [net.minecraftforge.registries.GameData/REGISTRIES]: Holder lookups applied: minecraft:entity_type
[16lip2025 20:12:57.402] [main/DEBUG] [net.minecraftforge.registries.GameData/REGISTRIES]: Applying holder lookups: minecraft:sensor_type
[16lip2025 20:12:57.403] [main/DEBUG] [net.minecraftforge.registries.GameData/REGISTRIES]: Holder lookups applied: minecraft:sensor_type
[16lip2025 20:12:57.403] [main/DEBUG] [net.minecraftforge.registries.GameData/REGISTRIES]: Applying holder lookups: minecraft:memory_module_type
[16lip2025 20:12:57.403] [main/DEBUG] [net.minecraftforge.registries.GameData/REGISTRIES]: Holder lookups applied: minecraft:memory_module_type
[16lip2025 20:12:57.403] [main/DEBUG] [net.minecraftforge.registries.GameData/REGISTRIES]: Applying holder lookups: minecraft:potion
[16lip2025 20:12:57.404] [main/DEBUG] [net.minecraftforge.registries.GameData/REGISTRIES]: Holder lookups applied: minecraft:potion
[16lip2025 20:12:57.404] [main/DEBUG] [net.minecraftforge.registries.GameData/REGISTRIES]: Applying holder lookups: minecraft:game_event
[16lip2025 20:12:57.404] [main/DEBUG] [net.minecraftforge.registries.GameData/REGISTRIES]: Holder lookups applied: minecraft:game_event
[16lip2025 20:12:57.404] [main/DEBUG] [net.minecraftforge.registries.GameData/REGISTRIES]: Applying holder lookups: minecraft:enchantment
[16lip2025 20:12:57.405] [main/DEBUG] [net.minecraftforge.registries.GameData/REGISTRIES]: Holder lookups applied: minecraft:enchantment
[16lip2025 20:12:57.412] [main/DEBUG] [net.minecraftforge.registries.GameData/REGISTRIES]: Applying holder lookups: minecraft:block_entity_type
[16lip2025 20:12:57.412] [main/DEBUG] [net.minecraftforge.registries.GameData/REGISTRIES]: Holder lookups applied: minecraft:block_entity_type
[16lip2025 20:12:57.413] [main/DEBUG] [net.minecraftforge.registries.GameData/REGISTRIES]: Applying holder lookups: minecraft:painting_variant
[16lip2025 20:12:57.413] [main/DEBUG] [net.minecraftforge.registries.GameData/REGISTRIES]: Holder lookups applied: minecraft:painting_variant
[16lip2025 20:12:57.413] [main/DEBUG] [net.minecraftforge.registries.GameData/REGISTRIES]: Applying holder lookups: minecraft:stat_type
[16lip2025 20:12:57.413] [main/DEBUG] [net.minecraftforge.registries.GameData/REGISTRIES]: Holder lookups applied: minecraft:stat_type
[16lip2025 20:12:57.413] [main/DEBUG] [net.minecraftforge.registries.GameData/REGISTRIES]: Applying holder lookups: minecraft:custom_stat
[16lip2025 20:12:57.414] [main/DEBUG] [net.minecraftforge.registries.GameData/REGISTRIES]: Holder lookups applied: minecraft:custom_stat
[16lip2025 20:12:57.414] [main/DEBUG] [net.minecraftforge.registries.GameData/REGISTRIES]: Applying holder lookups: minecraft:chunk_status
[16lip2025 20:12:57.414] [main/DEBUG] [net.minecraftforge.registries.GameData/REGISTRIES]: Holder lookups applied: minecraft:chunk_status
[16lip2025 20:12:57.414] [main/DEBUG] [net.minecraftforge.registries.GameData/REGISTRIES]: Applying holder lookups: minecraft:rule_test
[16lip2025 20:12:57.415] [main/DEBUG] [net.minecraftforge.registries.GameData/REGISTRIES]: Holder lookups applied: minecraft:rule_test
[16lip2025 20:12:57.415] [main/DEBUG] [net.minecraftforge.registries.GameData/REGISTRIES]: Applying holder lookups: minecraft:rule_block_entity_modifier
[16lip2025 20:12:57.415] [main/DEBUG] [net.minecraftforge.registries.GameData/REGISTRIES]: Holder lookups applied: minecraft:rule_block_entity_modifier
[16lip2025 20:12:57.415] [main/DEBUG] [net.minecraftforge.registries.GameData/REGISTRIES]: Applying holder lookups: minecraft:pos_rule_test
[16lip2025 20:12:57.416] [main/DEBUG] [net.minecraftforge.registries.GameData/REGISTRIES]: Holder lookups applied: minecraft:pos_rule_test
[16lip2025 20:12:57.416] [main/DEBUG] [net.minecraftforge.registries.GameData/REGISTRIES]: Applying holder lookups: minecraft:menu
[16lip2025 20:12:57.417] [main/DEBUG] [net.minecraftforge.registries.GameData/REGISTRIES]: Holder lookups applied: minecraft:menu
[16lip2025 20:12:57.417] [main/DEBUG] [net.minecraftforge.registries.GameData/REGISTRIES]: Applying holder lookups: minecraft:recipe_type
[16lip2025 20:12:57.417] [main/DEBUG] [net.minecraftforge.registries.GameData/REGISTRIES]: Holder lookups applied: minecraft:recipe_type
[16lip2025 20:12:57.451] [main/DEBUG] [net.minecraftforge.registries.GameData/REGISTRIES]: Applying holder lookups: minecraft:recipe_serializer
[16lip2025 20:12:57.452] [main/DEBUG] [net.minecraftforge.registries.GameData/REGISTRIES]: Holder lookups applied: minecraft:recipe_serializer
[16lip2025 20:12:57.452] [main/DEBUG] [net.minecraftforge.registries.GameData/REGISTRIES]: Applying holder lookups: minecraft:position_source_type
[16lip2025 20:12:57.452] [main/DEBUG] [net.minecraftforge.registries.GameData/REGISTRIES]: Holder lookups applied: minecraft:position_source_type
[16lip2025 20:12:57.455] [main/DEBUG] [net.minecraftforge.registries.GameData/REGISTRIES]: Applying holder lookups: minecraft:command_argument_type
[16lip2025 20:12:57.455] [main/DEBUG] [net.minecraftforge.registries.GameData/REGISTRIES]: Holder lookups applied: minecraft:command_argument_type
[16lip2025 20:12:57.455] [main/DEBUG] [net.minecraftforge.registries.GameData/REGISTRIES]: Applying holder lookups: minecraft:villager_type
[16lip2025 20:12:57.456] [main/DEBUG] [net.minecraftforge.registries.GameData/REGISTRIES]: Holder lookups applied: minecraft:villager_type
[16lip2025 20:12:57.456] [main/DEBUG] [net.minecraftforge.registries.GameData/REGISTRIES]: Applying holder lookups: minecraft:villager_profession
[16lip2025 20:12:57.456] [main/DEBUG] [net.minecraftforge.registries.GameData/REGISTRIES]: Holder lookups applied: minecraft:villager_profession
[16lip2025 20:12:57.456] [main/DEBUG] [net.minecraftforge.registries.GameData/REGISTRIES]: Applying holder lookups: minecraft:point_of_interest_type
[16lip2025 20:12:57.456] [main/DEBUG] [net.minecraftforge.registries.GameData/REGISTRIES]: Holder lookups applied: minecraft:point_of_interest_type
[16lip2025 20:12:57.457] [main/DEBUG] [net.minecraftforge.registries.GameData/REGISTRIES]: Applying holder lookups: minecraft:schedule
[16lip2025 20:12:57.457] [main/DEBUG] [net.minecraftforge.registries.GameData/REGISTRIES]: Holder lookups applied: minecraft:schedule
[16lip2025 20:12:57.457] [main/DEBUG] [net.minecraftforge.registries.GameData/REGISTRIES]: Applying holder lookups: minecraft:activity
[16lip2025 20:12:57.458] [main/DEBUG] [net.minecraftforge.registries.GameData/REGISTRIES]: Holder lookups applied: minecraft:activity
[16lip2025 20:12:57.458] [main/DEBUG] [net.minecraftforge.registries.GameData/REGISTRIES]: Applying holder lookups: minecraft:loot_pool_entry_type
[16lip2025 20:12:57.458] [main/DEBUG] [net.minecraftforge.registries.GameData/REGISTRIES]: Holder lookups applied: minecraft:loot_pool_entry_type
[16lip2025 20:12:57.458] [main/DEBUG] [net.minecraftforge.registries.GameData/REGISTRIES]: Applying holder lookups: minecraft:loot_function_type
[16lip2025 20:12:57.459] [main/DEBUG] [net.minecraftforge.registries.GameData/REGISTRIES]: Holder lookups applied: minecraft:loot_function_type
[16lip2025 20:12:57.462] [main/DEBUG] [net.minecraftforge.registries.GameData/REGISTRIES]: Applying holder lookups: minecraft:loot_condition_type
[16lip2025 20:12:57.463] [main/DEBUG] [net.minecraftforge.registries.GameData/REGISTRIES]: Holder lookups applied: minecraft:loot_condition_type
[16lip2025 20:12:57.463] [main/DEBUG] [net.minecraftforge.registries.GameData/REGISTRIES]: Applying holder lookups: minecraft:loot_number_provider_type
[16lip2025 20:12:57.464] [main/DEBUG] [net.minecraftforge.registries.GameData/REGISTRIES]: Holder lookups applied: minecraft:loot_number_provider_type
[16lip2025 20:12:57.464] [main/DEBUG] [net.minecraftforge.registries.GameData/REGISTRIES]: Applying holder lookups: minecraft:loot_nbt_provider_type
[16lip2025 20:12:57.464] [main/DEBUG] [net.minecraftforge.registries.GameData/REGISTRIES]: Holder lookups applied: minecraft:loot_nbt_provider_type
[16lip2025 20:12:57.464] [main/DEBUG] [net.minecraftforge.registries.GameData/REGISTRIES]: Applying holder lookups: minecraft:loot_score_provider_type
[16lip2025 20:12:57.464] [main/DEBUG] [net.minecraftforge.registries.GameData/REGISTRIES]: Holder lookups applied: minecraft:loot_score_provider_type
[16lip2025 20:12:57.464] [main/DEBUG] [net.minecraftforge.registries.GameData/REGISTRIES]: Applying holder lookups: minecraft:float_provider_type
[16lip2025 20:12:57.465] [main/DEBUG] [net.minecraftforge.registries.GameData/REGISTRIES]: Holder lookups applied: minecraft:float_provider_type
[16lip2025 20:12:57.465] [main/DEBUG] [net.minecraftforge.registries.GameData/REGISTRIES]: Applying holder lookups: minecraft:int_provider_type
[16lip2025 20:12:57.465] [main/DEBUG] [net.minecraftforge.registries.GameData/REGISTRIES]: Holder lookups applied: minecraft:int_provider_type
[16lip2025 20:12:57.465] [main/DEBUG] [net.minecraftforge.registries.GameData/REGISTRIES]: Applying holder lookups: minecraft:height_provider_type
[16lip2025 20:12:57.465] [main/DEBUG] [net.minecraftforge.registries.GameData/REGISTRIES]: Holder lookups applied: minecraft:height_provider_type
[16lip2025 20:12:57.465] [main/DEBUG] [net.minecraftforge.registries.GameData/REGISTRIES]: Applying holder lookups: minecraft:block_predicate_type
[16lip2025 20:12:57.466] [main/DEBUG] [net.minecraftforge.registries.GameData/REGISTRIES]: Holder lookups applied: minecraft:block_predicate_type
[16lip2025 20:12:57.466] [main/DEBUG] [net.minecraftforge.registries.GameData/REGISTRIES]: Applying holder lookups: minecraft:worldgen/carver
[16lip2025 20:12:57.466] [main/DEBUG] [net.minecraftforge.registries.GameData/REGISTRIES]: Holder lookups applied: minecraft:worldgen/carver
[16lip2025 20:12:57.515] [main/DEBUG] [net.minecraftforge.registries.GameData/REGISTRIES]: Applying holder lookups: minecraft:worldgen/feature
[16lip2025 20:12:57.516] [main/DEBUG] [net.minecraftforge.registries.GameData/REGISTRIES]: Holder lookups applied: minecraft:worldgen/feature
[16lip2025 20:12:57.516] [main/DEBUG] [net.minecraftforge.registries.GameData/REGISTRIES]: Applying holder lookups: minecraft:worldgen/structure_processor
[16lip2025 20:12:57.516] [main/DEBUG] [net.minecraftforge.registries.GameData/REGISTRIES]: Holder lookups applied: minecraft:worldgen/structure_processor
[16lip2025 20:12:57.517] [main/DEBUG] [net.minecraftforge.registries.GameData/REGISTRIES]: Applying holder lookups: minecraft:worldgen/structure_placement
[16lip2025 20:12:57.517] [main/DEBUG] [net.minecraftforge.registries.GameData/REGISTRIES]: Holder lookups applied: minecraft:worldgen/structure_placement
[16lip2025 20:12:57.517] [main/DEBUG] [net.minecraftforge.registries.GameData/REGISTRIES]: Applying holder lookups: minecraft:worldgen/structure_piece
[16lip2025 20:12:57.517] [main/DEBUG] [net.minecraftforge.registries.GameData/REGISTRIES]: Holder lookups applied: minecraft:worldgen/structure_piece
[16lip2025 20:12:57.517] [main/DEBUG] [net.minecraftforge.registries.GameData/REGISTRIES]: Applying holder lookups: minecraft:worldgen/structure_type
[16lip2025 20:12:57.518] [main/DEBUG] [net.minecraftforge.registries.GameData/REGISTRIES]: Holder lookups applied: minecraft:worldgen/structure_type
[16lip2025 20:12:57.518] [main/DEBUG] [net.minecraftforge.registries.GameData/REGISTRIES]: Applying holder lookups: minecraft:worldgen/placement_modifier_type
[16lip2025 20:12:57.519] [main/DEBUG] [net.minecraftforge.registries.GameData/REGISTRIES]: Holder lookups applied: minecraft:worldgen/placement_modifier_type
[16lip2025 20:12:57.520] [main/DEBUG] [net.minecraftforge.registries.GameData/REGISTRIES]: Applying holder lookups: minecraft:worldgen/block_state_provider_type
[16lip2025 20:12:57.521] [main/DEBUG] [net.minecraftforge.registries.GameData/REGISTRIES]: Holder lookups applied: minecraft:worldgen/block_state_provider_type
[16lip2025 20:12:57.521] [main/DEBUG] [net.minecraftforge.registries.GameData/REGISTRIES]: Applying holder lookups: minecraft:worldgen/foliage_placer_type
[16lip2025 20:12:57.522] [main/DEBUG] [net.minecraftforge.registries.GameData/REGISTRIES]: Holder lookups applied: minecraft:worldgen/foliage_placer_type
[16lip2025 20:12:57.522] [main/DEBUG] [net.minecraftforge.registries.GameData/REGISTRIES]: Applying holder lookups: minecraft:worldgen/trunk_placer_type
[16lip2025 20:12:57.522] [main/DEBUG] [net.minecraftforge.registries.GameData/REGISTRIES]: Holder lookups applied: minecraft:worldgen/trunk_placer_type
[16lip2025 20:12:57.522] [main/DEBUG] [net.minecraftforge.registries.GameData/REGISTRIES]: Applying holder lookups: minecraft:worldgen/root_placer_type
[16lip2025 20:12:57.522] [main/DEBUG] [net.minecraftforge.registries.GameData/REGISTRIES]: Holder lookups applied: minecraft:worldgen/root_placer_type
[16lip2025 20:12:57.523] [main/DEBUG] [net.minecraftforge.registries.GameData/REGISTRIES]: Applying holder lookups: minecraft:worldgen/tree_decorator_type
[16lip2025 20:12:57.523] [main/DEBUG] [net.minecraftforge.registries.GameData/REGISTRIES]: Holder lookups applied: minecraft:worldgen/tree_decorator_type
[16lip2025 20:12:57.523] [main/DEBUG] [net.minecraftforge.registries.GameData/REGISTRIES]: Applying holder lookups: minecraft:worldgen/feature_size_type
[16lip2025 20:12:57.523] [main/DEBUG] [net.minecraftforge.registries.GameData/REGISTRIES]: Holder lookups applied: minecraft:worldgen/feature_size_type
[16lip2025 20:12:57.524] [main/DEBUG] [net.minecraftforge.registries.GameData/REGISTRIES]: Applying holder lookups: minecraft:worldgen/biome_source
[16lip2025 20:12:57.524] [main/DEBUG] [net.minecraftforge.registries.GameData/REGISTRIES]: Holder lookups applied: minecraft:worldgen/biome_source
[16lip2025 20:12:57.524] [main/DEBUG] [net.minecraftforge.registries.GameData/REGISTRIES]: Applying holder lookups: minecraft:worldgen/chunk_generator
[16lip2025 20:12:57.525] [main/DEBUG] [net.minecraftforge.registries.GameData/REGISTRIES]: Holder lookups applied: minecraft:worldgen/chunk_generator
[16lip2025 20:12:57.525] [main/DEBUG] [net.minecraftforge.registries.GameData/REGISTRIES]: Applying holder lookups: minecraft:worldgen/material_condition
[16lip2025 20:12:57.525] [main/DEBUG] [net.minecraftforge.registries.GameData/REGISTRIES]: Holder lookups applied: minecraft:worldgen/material_condition
[16lip2025 20:12:57.525] [main/DEBUG] [net.minecraftforge.registries.GameData/REGISTRIES]: Applying holder lookups: minecraft:worldgen/material_rule
[16lip2025 20:12:57.526] [main/DEBUG] [net.minecraftforge.registries.GameData/REGISTRIES]: Holder lookups applied: minecraft:worldgen/material_rule
[16lip2025 20:12:57.526] [main/DEBUG] [net.minecraftforge.registries.GameData/REGISTRIES]: Applying holder lookups: minecraft:worldgen/density_function_type
[16lip2025 20:12:57.526] [main/DEBUG] [net.minecraftforge.registries.GameData/REGISTRIES]: Holder lookups applied: minecraft:worldgen/density_function_type
[16lip2025 20:12:57.526] [main/DEBUG] [net.minecraftforge.registries.GameData/REGISTRIES]: Applying holder lookups: minecraft:worldgen/structure_pool_element
[16lip2025 20:12:57.527] [main/DEBUG] [net.minecraftforge.registries.GameData/REGISTRIES]: Holder lookups applied: minecraft:worldgen/structure_pool_element
[16lip2025 20:12:57.527] [main/DEBUG] [net.minecraftforge.registries.GameData/REGISTRIES]: Applying holder lookups: minecraft:cat_variant
[16lip2025 20:12:57.528] [main/DEBUG] [net.minecraftforge.registries.GameData/REGISTRIES]: Holder lookups applied: minecraft:cat_variant
[16lip2025 20:12:57.528] [main/DEBUG] [net.minecraftforge.registries.GameData/REGISTRIES]: Applying holder lookups: minecraft:frog_variant
[16lip2025 20:12:57.529] [main/DEBUG] [net.minecraftforge.registries.GameData/REGISTRIES]: Holder lookups applied: minecraft:frog_variant
[16lip2025 20:12:57.529] [main/DEBUG] [net.minecraftforge.registries.GameData/REGISTRIES]: Applying holder lookups: minecraft:banner_pattern
[16lip2025 20:12:57.529] [main/DEBUG] [net.minecraftforge.registries.GameData/REGISTRIES]: Holder lookups applied: minecraft:banner_pattern
[16lip2025 20:12:57.529] [main/DEBUG] [net.minecraftforge.registries.GameData/REGISTRIES]: Applying holder lookups: minecraft:instrument
[16lip2025 20:12:57.530] [main/DEBUG] [net.minecraftforge.registries.GameData/REGISTRIES]: Holder lookups applied: minecraft:instrument
[16lip2025 20:12:57.530] [main/DEBUG] [net.minecraftforge.registries.GameData/REGISTRIES]: Applying holder lookups: minecraft:decorated_pot_patterns
[16lip2025 20:12:57.530] [main/DEBUG] [net.minecraftforge.registries.GameData/REGISTRIES]: Holder lookups applied: minecraft:decorated_pot_patterns
[16lip2025 20:12:57.532] [main/DEBUG] [net.minecraftforge.registries.GameData/REGISTRIES]: Applying holder lookups: minecraft:creative_mode_tab
[16lip2025 20:12:57.532] [main/DEBUG] [net.minecraftforge.registries.GameData/REGISTRIES]: Holder lookups applied: minecraft:creative_mode_tab
[16lip2025 20:12:57.541] [main/DEBUG] [net.minecraftforge.registries.GameData/REGISTRIES]: Applying holder lookups: forge:biome_modifier_serializers
[16lip2025 20:12:57.541] [main/DEBUG] [net.minecraftforge.registries.GameData/REGISTRIES]: Holder lookups applied: forge:biome_modifier_serializers
[16lip2025 20:12:57.542] [main/DEBUG] [net.minecraftforge.registries.GameData/REGISTRIES]: Applying holder lookups: forge:display_contexts
[16lip2025 20:12:57.542] [main/DEBUG] [net.minecraftforge.registries.GameData/REGISTRIES]: Holder lookups applied: forge:display_contexts
[16lip2025 20:12:57.542] [main/DEBUG] [net.minecraftforge.registries.GameData/REGISTRIES]: Applying holder lookups: forge:entity_data_serializers
[16lip2025 20:12:57.543] [main/DEBUG] [net.minecraftforge.registries.GameData/REGISTRIES]: Holder lookups applied: forge:entity_data_serializers
[16lip2025 20:12:57.547] [main/DEBUG] [net.minecraftforge.registries.GameData/REGISTRIES]: Applying holder lookups: forge:fluid_type
[16lip2025 20:12:57.547] [main/DEBUG] [net.minecraftforge.registries.GameData/REGISTRIES]: Holder lookups applied: forge:fluid_type
[16lip2025 20:12:57.550] [main/DEBUG] [net.minecraftforge.registries.GameData/REGISTRIES]: Applying holder lookups: forge:global_loot_modifier_serializers
[16lip2025 20:12:57.551] [main/DEBUG] [net.minecraftforge.registries.GameData/REGISTRIES]: Holder lookups applied: forge:global_loot_modifier_serializers
[16lip2025 20:12:57.557] [main/DEBUG] [net.minecraftforge.registries.GameData/REGISTRIES]: Applying holder lookups: forge:holder_set_type
[16lip2025 20:12:57.558] [main/DEBUG] [net.minecraftforge.registries.GameData/REGISTRIES]: Holder lookups applied: forge:holder_set_type
[16lip2025 20:12:57.558] [main/DEBUG] [net.minecraftforge.registries.GameData/REGISTRIES]: Applying holder lookups: forge:structure_modifier_serializers
[16lip2025 20:12:57.559] [main/DEBUG] [net.minecraftforge.registries.GameData/REGISTRIES]: Holder lookups applied: forge:structure_modifier_serializers
[16lip2025 20:12:57.559] [main/DEBUG] [net.minecraftforge.registries.GameData/REGISTRIES]: Applying holder lookups: minecraft:worldgen/biome
[16lip2025 20:12:57.559] [main/DEBUG] [net.minecraftforge.registries.GameData/REGISTRIES]: Holder lookups applied: minecraft:worldgen/biome
[16lip2025 20:12:57.697] [main/WARN] [net.minecraft.server.packs.VanillaPackResourcesBuilder/]: Assets URL 'union:/C:/Users/Night/.gradle/caches/forge_gradle/minecraft_user_repo/net/minecraftforge/forge/1.20.1-47.3.22_mapped_parchment_2023.09.03-1.20.1/forge-1.20.1-47.3.22_mapped_parchment_2023.09.03-1.20.1.jar%23191!/assets/.mcassetsroot' uses unexpected schema
[16lip2025 20:12:57.697] [main/WARN] [net.minecraft.server.packs.VanillaPackResourcesBuilder/]: Assets URL 'union:/C:/Users/Night/.gradle/caches/forge_gradle/minecraft_user_repo/net/minecraftforge/forge/1.20.1-47.3.22_mapped_parchment_2023.09.03-1.20.1/forge-1.20.1-47.3.22_mapped_parchment_2023.09.03-1.20.1.jar%23191!/data/.mcassetsroot' uses unexpected schema
[16lip2025 20:12:57.870] [Worker-Main-2/DEBUG] [com.ferreusveritas.dynamictrees.api.resource.loading.preparation.JsonRegistryResourceLoader/]: Loaded type "LeavesProperties" data: WartProperties{registryName=dynamictrees:warped, primitiveLeaves=Block{minecraft:warped_wart_block}, cellKit={registryName=dynamictrees:deciduous}, smotherLeavesMax=4, lightRequirement=13, fireSpreadSpeed=0, flammability=0, connectAnyRadius=false}.
[16lip2025 20:12:57.870] [Worker-Main-2/DEBUG] [com.ferreusveritas.dynamictrees.api.resource.loading.preparation.JsonRegistryResourceLoader/]: Loaded type "LeavesProperties" data: LeavesProperties{registryName=dynamictrees:spruce, primitiveLeaves=Block{minecraft:spruce_leaves}[distance=7,persistent=false,waterlogged=false], cellKit={registryName=dynamictrees:deciduous}, smotherLeavesMax=4, lightRequirement=13, fireSpreadSpeed=30, flammability=60, connectAnyRadius=false}.
[16lip2025 20:12:57.870] [Worker-Main-2/DEBUG] [com.ferreusveritas.dynamictrees.api.resource.loading.preparation.JsonRegistryResourceLoader/]: Loaded type "LeavesProperties" data: ScruffyLeavesProperties{registryName=dynamictrees:oak_undergrowth, primitiveLeaves=Block{minecraft:oak_leaves}[distance=7,persistent=false,waterlogged=false], cellKit={registryName=dynamictrees:deciduous}, smotherLeavesMax=4, lightRequirement=13, fireSpreadSpeed=30, flammability=60, connectAnyRadius=false}.
[16lip2025 20:12:57.870] [Worker-Main-2/DEBUG] [com.ferreusveritas.dynamictrees.api.resource.loading.preparation.JsonRegistryResourceLoader/]: Loaded type "LeavesProperties" data: LeavesProperties{registryName=dynamictrees:oak, primitiveLeaves=Block{minecraft:oak_leaves}[distance=7,persistent=false,waterlogged=false], cellKit={registryName=dynamictrees:deciduous}, smotherLeavesMax=4, lightRequirement=13, fireSpreadSpeed=30, flammability=60, connectAnyRadius=false}.
[16lip2025 20:12:57.871] [Worker-Main-2/DEBUG] [com.ferreusveritas.dynamictrees.api.resource.loading.preparation.JsonRegistryResourceLoader/]: Loaded type "LeavesProperties" data: ScruffyLeavesProperties{registryName=dynamictrees:mangrove, primitiveLeaves=Block{minecraft:mangrove_leaves}[distance=7,persistent=false,waterlogged=false], cellKit={registryName=dynamictrees:deciduous}, smotherLeavesMax=4, lightRequirement=13, fireSpreadSpeed=30, flammability=60, connectAnyRadius=false}.
[16lip2025 20:12:57.871] [Worker-Main-2/DEBUG] [com.ferreusveritas.dynamictrees.api.resource.loading.preparation.JsonRegistryResourceLoader/]: Loaded type "LeavesProperties" data: ScruffyLeavesProperties{registryName=dynamictrees:jungle_undergrowth, primitiveLeaves=Block{minecraft:jungle_leaves}[distance=7,persistent=false,waterlogged=false], cellKit={registryName=dynamictrees:deciduous}, smotherLeavesMax=4, lightRequirement=13, fireSpreadSpeed=30, flammability=60, connectAnyRadius=false}.
[16lip2025 20:12:57.871] [Worker-Main-2/DEBUG] [com.ferreusveritas.dynamictrees.api.resource.loading.preparation.JsonRegistryResourceLoader/]: Loaded type "LeavesProperties" data: LeavesProperties{registryName=dynamictrees:jungle, primitiveLeaves=Block{minecraft:jungle_leaves}[distance=7,persistent=false,waterlogged=false], cellKit={registryName=dynamictrees:deciduous}, smotherLeavesMax=4, lightRequirement=13, fireSpreadSpeed=30, flammability=60, connectAnyRadius=false}.
[16lip2025 20:12:57.871] [Worker-Main-2/DEBUG] [com.ferreusveritas.dynamictrees.api.resource.loading.preparation.JsonRegistryResourceLoader/]: Loaded type "LeavesProperties" data: ScruffyLeavesProperties{registryName=dynamictrees:flowering_azalea, primitiveLeaves=Block{minecraft:flowering_azalea_leaves}[distance=7,persistent=false,waterlogged=false], cellKit={registryName=dynamictrees:deciduous}, smotherLeavesMax=4, lightRequirement=13, fireSpreadSpeed=30, flammability=60, connectAnyRadius=false}.
[16lip2025 20:12:57.871] [Worker-Main-2/DEBUG] [com.ferreusveritas.dynamictrees.api.resource.loading.preparation.JsonRegistryResourceLoader/]: Loaded type "LeavesProperties" data: LeavesProperties{registryName=dynamictrees:dark_oak, primitiveLeaves=Block{minecraft:dark_oak_leaves}[distance=7,persistent=false,waterlogged=false], cellKit={registryName=dynamictrees:deciduous}, smotherLeavesMax=4, lightRequirement=13, fireSpreadSpeed=30, flammability=60, connectAnyRadius=false}.
[16lip2025 20:12:57.871] [Worker-Main-2/DEBUG] [com.ferreusveritas.dynamictrees.api.resource.loading.preparation.JsonRegistryResourceLoader/]: Loaded type "LeavesProperties" data: WartProperties{registryName=dynamictrees:crimson, primitiveLeaves=Block{minecraft:nether_wart_block}, cellKit={registryName=dynamictrees:deciduous}, smotherLeavesMax=4, lightRequirement=13, fireSpreadSpeed=0, flammability=0, connectAnyRadius=false}.
[16lip2025 20:12:57.872] [Worker-Main-2/DEBUG] [com.ferreusveritas.dynamictrees.api.resource.loading.preparation.JsonRegistryResourceLoader/]: Loaded type "LeavesProperties" data: LeavesProperties{registryName=dynamictrees:cherry, primitiveLeaves=Block{minecraft:cherry_leaves}[distance=7,persistent=false,waterlogged=false], cellKit={registryName=dynamictrees:deciduous}, smotherLeavesMax=4, lightRequirement=13, fireSpreadSpeed=30, flammability=60, connectAnyRadius=false}.
[16lip2025 20:12:57.872] [Worker-Main-2/DEBUG] [com.ferreusveritas.dynamictrees.api.resource.loading.preparation.JsonRegistryResourceLoader/]: Loaded type "LeavesProperties" data: LeavesProperties{registryName=dynamictrees:birch, primitiveLeaves=Block{minecraft:birch_leaves}[distance=7,persistent=false,waterlogged=false], cellKit={registryName=dynamictrees:deciduous}, smotherLeavesMax=4, lightRequirement=13, fireSpreadSpeed=30, flammability=60, connectAnyRadius=false}.
[16lip2025 20:12:57.872] [Worker-Main-2/DEBUG] [com.ferreusveritas.dynamictrees.api.resource.loading.preparation.JsonRegistryResourceLoader/]: Loaded type "LeavesProperties" data: LeavesProperties{registryName=dynamictrees:bare, primitiveLeaves=Block{minecraft:air}, cellKit={registryName=dynamictrees:deciduous}, smotherLeavesMax=4, lightRequirement=13, fireSpreadSpeed=30, flammability=60, connectAnyRadius=false}.
[16lip2025 20:12:57.872] [Worker-Main-2/DEBUG] [com.ferreusveritas.dynamictrees.api.resource.loading.preparation.JsonRegistryResourceLoader/]: Loaded type "LeavesProperties" data: ScruffyLeavesProperties{registryName=dynamictrees:azalea, primitiveLeaves=Block{minecraft:azalea_leaves}[distance=7,persistent=false,waterlogged=false], cellKit={registryName=dynamictrees:deciduous}, smotherLeavesMax=4, lightRequirement=13, fireSpreadSpeed=30, flammability=60, connectAnyRadius=false}.
[16lip2025 20:12:57.872] [Worker-Main-2/DEBUG] [com.ferreusveritas.dynamictrees.api.resource.loading.preparation.JsonRegistryResourceLoader/]: Loaded type "LeavesProperties" data: LeavesProperties{registryName=dynamictrees:acacia, primitiveLeaves=Block{minecraft:acacia_leaves}[distance=7,persistent=false,waterlogged=false], cellKit={registryName=dynamictrees:deciduous}, smotherLeavesMax=4, lightRequirement=13, fireSpreadSpeed=30, flammability=60, connectAnyRadius=false}.
[16lip2025 20:12:57.879] [Worker-Main-2/DEBUG] [com.ferreusveritas.dynamictrees.api.resource.loading.preparation.JsonRegistryResourceLoader/]: Loaded type "SoilProperties" data: dynamictrees:yellow_terracotta.
[16lip2025 20:12:57.880] [Worker-Main-2/DEBUG] [com.ferreusveritas.dynamictrees.api.resource.loading.preparation.JsonRegistryResourceLoader/]: Loaded type "SoilProperties" data: dynamictrees:white_terracotta.
[16lip2025 20:12:57.880] [Worker-Main-2/DEBUG] [com.ferreusveritas.dynamictrees.api.resource.loading.preparation.JsonRegistryResourceLoader/]: Loaded type "SoilProperties" data: dynamictrees:water.
[16lip2025 20:12:57.880] [Worker-Main-2/DEBUG] [com.ferreusveritas.dynamictrees.api.resource.loading.preparation.JsonRegistryResourceLoader/]: Loaded type "SoilProperties" data: dynamictrees:warped_nylium.
[16lip2025 20:12:57.880] [Worker-Main-2/DEBUG] [com.ferreusveritas.dynamictrees.api.resource.loading.preparation.JsonRegistryResourceLoader/]: Loaded type "SoilProperties" data: dynamictrees:terracotta.
[16lip2025 20:12:57.880] [Worker-Main-2/DEBUG] [com.ferreusveritas.dynamictrees.api.resource.loading.preparation.JsonRegistryResourceLoader/]: Loaded type "SoilProperties" data: dynamictrees:soul_soil.
[16lip2025 20:12:57.880] [Worker-Main-2/DEBUG] [com.ferreusveritas.dynamictrees.api.resource.loading.preparation.JsonRegistryResourceLoader/]: Loaded type "SoilProperties" data: dynamictrees:soul_sand.
[16lip2025 20:12:57.880] [Worker-Main-2/DEBUG] [com.ferreusveritas.dynamictrees.api.resource.loading.preparation.JsonRegistryResourceLoader/]: Loaded type "SoilProperties" data: dynamictrees:snow_block.
[16lip2025 20:12:57.880] [Worker-Main-2/DEBUG] [com.ferreusveritas.dynamictrees.api.resource.loading.preparation.JsonRegistryResourceLoader/]: Loaded type "SoilProperties" data: dynamictrees:sand.
[16lip2025 20:12:57.881] [Worker-Main-2/DEBUG] [com.ferreusveritas.dynamictrees.api.resource.loading.preparation.JsonRegistryResourceLoader/]: Loaded type "SoilProperties" data: dynamictrees:rooted_dirt.
[16lip2025 20:12:57.881] [Worker-Main-2/DEBUG] [com.ferreusveritas.dynamictrees.api.resource.loading.preparation.JsonRegistryResourceLoader/]: Loaded type "SoilProperties" data: dynamictrees:red_terracotta.
[16lip2025 20:12:57.881] [Worker-Main-2/DEBUG] [com.ferreusveritas.dynamictrees.api.resource.loading.preparation.JsonRegistryResourceLoader/]: Loaded type "SoilProperties" data: dynamictrees:red_sand.
[16lip2025 20:12:57.881] [Worker-Main-2/DEBUG] [com.ferreusveritas.dynamictrees.api.resource.loading.preparation.JsonRegistryResourceLoader/]: Loaded type "SoilProperties" data: dynamictrees:powder_snow.
[16lip2025 20:12:57.881] [Worker-Main-2/DEBUG] [com.ferreusveritas.dynamictrees.api.resource.loading.preparation.JsonRegistryResourceLoader/]: Loaded type "SoilProperties" data: dynamictrees:podzol.
[16lip2025 20:12:57.881] [Worker-Main-2/DEBUG] [com.ferreusveritas.dynamictrees.api.resource.loading.preparation.JsonRegistryResourceLoader/]: Loaded type "SoilProperties" data: dynamictrees:orange_terracotta.
[16lip2025 20:12:57.881] [Worker-Main-2/DEBUG] [com.ferreusveritas.dynamictrees.api.resource.loading.preparation.JsonRegistryResourceLoader/]: Loaded type "SoilProperties" data: dynamictrees:netherrack.
[16lip2025 20:12:57.882] [Worker-Main-2/DEBUG] [com.ferreusveritas.dynamictrees.api.resource.loading.preparation.JsonRegistryResourceLoader/]: Loaded type "SoilProperties" data: dynamictrees:mycelium.
[16lip2025 20:12:57.882] [Worker-Main-2/DEBUG] [com.ferreusveritas.dynamictrees.api.resource.loading.preparation.JsonRegistryResourceLoader/]: Loaded type "SoilProperties" data: dynamictrees:mud.
[16lip2025 20:12:57.882] [Worker-Main-2/DEBUG] [com.ferreusveritas.dynamictrees.api.resource.loading.preparation.JsonRegistryResourceLoader/]: Loaded type "SoilProperties" data: dynamictrees:moss_block.
[16lip2025 20:12:57.882] [Worker-Main-2/DEBUG] [com.ferreusveritas.dynamictrees.api.resource.loading.preparation.JsonRegistryResourceLoader/]: Loaded type "SoilProperties" data: dynamictrees:moss.
[16lip2025 20:12:57.882] [Worker-Main-2/DEBUG] [com.ferreusveritas.dynamictrees.api.resource.loading.preparation.JsonRegistryResourceLoader/]: Loaded type "SoilProperties" data: dynamictrees:mangrove_aerial_roots.
[16lip2025 20:12:57.882] [Worker-Main-2/DEBUG] [com.ferreusveritas.dynamictrees.api.resource.loading.preparation.JsonRegistryResourceLoader/]: Loaded type "SoilProperties" data: dynamictrees:light_gray_terracotta.
[16lip2025 20:12:57.882] [Worker-Main-2/DEBUG] [com.ferreusveritas.dynamictrees.api.resource.loading.preparation.JsonRegistryResourceLoader/]: Loaded type "SoilProperties" data: dynamictrees:gravel.
[16lip2025 20:12:57.882] [Worker-Main-2/DEBUG] [com.ferreusveritas.dynamictrees.api.resource.loading.preparation.JsonRegistryResourceLoader/]: Loaded type "SoilProperties" data: dynamictrees:grass_block.
[16lip2025 20:12:57.882] [Worker-Main-2/DEBUG] [com.ferreusveritas.dynamictrees.api.resource.loading.preparation.JsonRegistryResourceLoader/]: Loaded type "SoilProperties" data: dynamictrees:farmland.
[16lip2025 20:12:57.882] [Worker-Main-2/DEBUG] [com.ferreusveritas.dynamictrees.api.resource.loading.preparation.JsonRegistryResourceLoader/]: Loaded type "SoilProperties" data: dynamictrees:end_stone.
[16lip2025 20:12:57.883] [Worker-Main-2/DEBUG] [com.ferreusveritas.dynamictrees.api.resource.loading.preparation.JsonRegistryResourceLoader/]: Loaded type "SoilProperties" data: dynamictrees:dirt.
[16lip2025 20:12:57.883] [Worker-Main-2/DEBUG] [com.ferreusveritas.dynamictrees.api.resource.loading.preparation.JsonRegistryResourceLoader/]: Loaded type "SoilProperties" data: dynamictrees:crimson_nylium.
[16lip2025 20:12:57.883] [Worker-Main-2/DEBUG] [com.ferreusveritas.dynamictrees.api.resource.loading.preparation.JsonRegistryResourceLoader/]: Loaded type "SoilProperties" data: dynamictrees:coarse_dirt.
[16lip2025 20:12:57.883] [Worker-Main-2/DEBUG] [com.ferreusveritas.dynamictrees.api.resource.loading.preparation.JsonRegistryResourceLoader/]: Loaded type "SoilProperties" data: dynamictrees:brown_terracotta.
[16lip2025 20:12:57.886] [Worker-Main-2/DEBUG] [com.ferreusveritas.dynamictrees.api.resource.loading.preparation.JsonRegistryResourceLoader/]: Loaded type "Family" data: NetherFungusFamily{registryName=dynamictrees:warped, commonLeaves=WartProperties{registryName=dynamictrees:warped}, maxBranchRadius=24, commonSpecies=NetherFungusSpecies{registryName=dynamictrees:warped}, primitiveLog=Block{minecraft:warped_stem}, primitiveStrippedLog=Block{minecraft:stripped_warped_stem}, stick=stick, minRadiusForStrip=null}.
[16lip2025 20:12:57.886] [Worker-Main-2/DEBUG] [com.ferreusveritas.dynamictrees.api.resource.loading.preparation.JsonRegistryResourceLoader/]: Loaded type "Family" data: Family{registryName=dynamictrees:spruce, commonLeaves=LeavesProperties{registryName=dynamictrees:spruce}, maxBranchRadius=24, commonSpecies=Species{registryName=dynamictrees:spruce}, primitiveLog=Block{minecraft:spruce_log}, primitiveStrippedLog=Block{minecraft:stripped_spruce_log}, stick=stick, minRadiusForStrip=null}.
[16lip2025 20:12:57.886] [Worker-Main-2/DEBUG] [com.ferreusveritas.dynamictrees.api.resource.loading.preparation.JsonRegistryResourceLoader/]: Loaded type "Family" data: Family{registryName=dynamictrees:oak, commonLeaves=LeavesProperties{registryName=dynamictrees:oak}, maxBranchRadius=8, commonSpecies=Species{registryName=dynamictrees:oak}, primitiveLog=Block{minecraft:oak_log}, primitiveStrippedLog=Block{minecraft:stripped_oak_log}, stick=stick, minRadiusForStrip=null}.
[16lip2025 20:12:57.887] [Worker-Main-2/DEBUG] [com.ferreusveritas.dynamictrees.api.resource.loading.preparation.JsonRegistryResourceLoader/]: Loaded type "Family" data: MangroveFamily{registryName=dynamictrees:mangrove, commonLeaves=ScruffyLeavesProperties{registryName=dynamictrees:mangrove}, maxBranchRadius=8, commonSpecies=MangroveSpecies{registryName=dynamictrees:mangrove}, primitiveLog=Block{minecraft:mangrove_log}, primitiveStrippedLog=Block{minecraft:stripped_mangrove_log}, stick=stick, minRadiusForStrip=null}.
[16lip2025 20:12:57.887] [Worker-Main-2/DEBUG] [com.ferreusveritas.dynamictrees.api.resource.loading.preparation.JsonRegistryResourceLoader/]: Loaded type "Family" data: Family{registryName=dynamictrees:jungle, commonLeaves=LeavesProperties{registryName=dynamictrees:jungle}, maxBranchRadius=24, commonSpecies=Species{registryName=dynamictrees:jungle}, primitiveLog=Block{minecraft:jungle_log}, primitiveStrippedLog=Block{minecraft:stripped_jungle_log}, stick=stick, minRadiusForStrip=null}.
[16lip2025 20:12:57.887] [Worker-Main-2/DEBUG] [com.ferreusveritas.dynamictrees.api.resource.loading.preparation.JsonRegistryResourceLoader/]: Loaded type "Family" data: Family{registryName=dynamictrees:dark_oak, commonLeaves=LeavesProperties{registryName=dynamictrees:dark_oak}, maxBranchRadius=24, commonSpecies=Species{registryName=dynamictrees:dark_oak}, primitiveLog=Block{minecraft:dark_oak_log}, primitiveStrippedLog=Block{minecraft:stripped_dark_oak_log}, stick=stick, minRadiusForStrip=null}.
[16lip2025 20:12:57.887] [Worker-Main-2/DEBUG] [com.ferreusveritas.dynamictrees.api.resource.loading.preparation.JsonRegistryResourceLoader/]: Loaded type "Family" data: NetherFungusFamily{registryName=dynamictrees:crimson, commonLeaves=WartProperties{registryName=dynamictrees:crimson}, maxBranchRadius=24, commonSpecies=NetherFungusSpecies{registryName=dynamictrees:crimson}, primitiveLog=Block{minecraft:crimson_stem}, primitiveStrippedLog=Block{minecraft:stripped_crimson_stem}, stick=stick, minRadiusForStrip=null}.
[16lip2025 20:12:57.887] [Worker-Main-2/DEBUG] [com.ferreusveritas.dynamictrees.api.resource.loading.preparation.JsonRegistryResourceLoader/]: Loaded type "Family" data: Family{registryName=dynamictrees:cherry, commonLeaves=LeavesProperties{registryName=dynamictrees:cherry}, maxBranchRadius=8, commonSpecies=Species{registryName=dynamictrees:cherry}, primitiveLog=Block{minecraft:cherry_log}, primitiveStrippedLog=Block{minecraft:stripped_cherry_log}, stick=stick, minRadiusForStrip=null}.
[16lip2025 20:12:57.888] [Worker-Main-2/DEBUG] [com.ferreusveritas.dynamictrees.api.resource.loading.preparation.JsonRegistryResourceLoader/]: Loaded type "Family" data: Family{registryName=dynamictrees:birch, commonLeaves=LeavesProperties{registryName=dynamictrees:birch}, maxBranchRadius=8, commonSpecies=Species{registryName=dynamictrees:birch}, primitiveLog=Block{minecraft:birch_log}, primitiveStrippedLog=Block{minecraft:stripped_birch_log}, stick=stick, minRadiusForStrip=null}.
[16lip2025 20:12:57.888] [Worker-Main-2/DEBUG] [com.ferreusveritas.dynamictrees.api.resource.loading.preparation.JsonRegistryResourceLoader/]: Loaded type "Family" data: Family{registryName=dynamictrees:acacia, commonLeaves=LeavesProperties{registryName=dynamictrees:acacia}, maxBranchRadius=8, commonSpecies=Species{registryName=dynamictrees:acacia}, primitiveLog=Block{minecraft:acacia_log}, primitiveStrippedLog=Block{minecraft:stripped_acacia_log}, stick=stick, minRadiusForStrip=null}.
[16lip2025 20:12:57.891] [Worker-Main-2/DEBUG] [com.ferreusveritas.dynamictrees.api.resource.loading.preparation.JsonRegistryResourceLoader/]: Loaded type "Fruit" data: Fruit{registryName=dynamictrees:apple}.
[16lip2025 20:12:57.892] [Worker-Main-2/DEBUG] [com.ferreusveritas.dynamictrees.api.resource.loading.preparation.JsonRegistryResourceLoader/]: Loaded type "Pod" data: Pod{registryName=dynamictrees:cocoa}.
[16lip2025 20:12:57.899] [Worker-Main-2/DEBUG] [com.ferreusveritas.dynamictrees.api.resource.loading.preparation.JsonRegistryResourceLoader/]: Loaded type "Species" data: NetherFungusSpecies{registryName=dynamictrees:warped, tapering=0.3, upProbability=2, lowestBranchHeight=3, signalEnergy=16.0, growthRate=1.0, soilLongevity=8, soilTypeFlags=0, maxBranchRadius=8, transformable=true, logicKit=GrowthLogicKitConfiguration{configurable={registryName=dynamictrees:null}, properties={}}, leavesProperties=WartProperties{registryName=dynamictrees:warped}, envFactors={}, megaSpecies={registryName=dynamictrees:null}, seed=net.minecraftforge.registries.RegistryObject@24389193, primitive_sapling=Block{minecraft:air}, perfectBiomes=com.ferreusveritas.dynamictrees.util.holderset.DTBiomeHolderSet@745eecfe, acceptableBlocksForGrowth=[], genFeatures=[]}.
[16lip2025 20:12:57.900] [Worker-Main-2/DEBUG] [com.ferreusveritas.dynamictrees.api.resource.loading.preparation.JsonRegistryResourceLoader/]: Loaded type "Species" data: Species{registryName=dynamictrees:tall_birch, tapering=0.3, upProbability=2, lowestBranchHeight=3, signalEnergy=16.0, growthRate=1.0, soilLongevity=8, soilTypeFlags=0, maxBranchRadius=8, transformable=true, logicKit=GrowthLogicKitConfiguration{configurable={registryName=dynamictrees:null}, properties={}}, leavesProperties=LeavesProperties{registryName=dynamictrees:birch}, envFactors={}, megaSpecies={registryName=dynamictrees:null}, seed=null, primitive_sapling=Block{minecraft:air}, perfectBiomes=com.ferreusveritas.dynamictrees.util.holderset.DTBiomeHolderSet@7a6663ce, acceptableBlocksForGrowth=[], genFeatures=[]}.
[16lip2025 20:12:57.900] [Worker-Main-2/DEBUG] [com.ferreusveritas.dynamictrees.api.resource.loading.preparation.JsonRegistryResourceLoader/]: Loaded type "Species" data: SwampOakSpecies{registryName=dynamictrees:swamp_oak, tapering=0.3, upProbability=2, lowestBranchHeight=3, signalEnergy=16.0, growthRate=1.0, soilLongevity=8, soilTypeFlags=0, maxBranchRadius=8, transformable=true, logicKit=GrowthLogicKitConfiguration{configurable={registryName=dynamictrees:null}, properties={}}, leavesProperties=LeavesProperties{registryName=dynamictrees:oak}, envFactors={}, megaSpecies={registryName=dynamictrees:null}, seed=null, primitive_sapling=Block{minecraft:air}, perfectBiomes=com.ferreusveritas.dynamictrees.util.holderset.DTBiomeHolderSet@ce6c107, acceptableBlocksForGrowth=[], genFeatures=[]}.
[16lip2025 20:12:57.900] [Worker-Main-2/DEBUG] [com.ferreusveritas.dynamictrees.api.resource.loading.preparation.JsonRegistryResourceLoader/]: Loaded type "Species" data: Species{registryName=dynamictrees:spruce, tapering=0.3, upProbability=2, lowestBranchHeight=3, signalEnergy=16.0, growthRate=1.0, soilLongevity=8, soilTypeFlags=0, maxBranchRadius=8, transformable=true, logicKit=GrowthLogicKitConfiguration{configurable={registryName=dynamictrees:null}, properties={}}, leavesProperties=LeavesProperties{registryName=dynamictrees:spruce}, envFactors={}, megaSpecies={registryName=dynamictrees:null}, seed=net.minecraftforge.registries.RegistryObject@c041a9d8, primitive_sapling=Block{minecraft:air}, perfectBiomes=com.ferreusveritas.dynamictrees.util.holderset.DTBiomeHolderSet@1d0295d2, acceptableBlocksForGrowth=[], genFeatures=[]}.
[16lip2025 20:12:57.901] [Worker-Main-2/DEBUG] [com.ferreusveritas.dynamictrees.api.resource.loading.preparation.JsonRegistryResourceLoader/]: Loaded type "Species" data: Species{registryName=dynamictrees:oak_undergrowth, tapering=0.3, upProbability=2, lowestBranchHeight=3, signalEnergy=16.0, growthRate=1.0, soilLongevity=8, soilTypeFlags=0, maxBranchRadius=8, transformable=true, logicKit=GrowthLogicKitConfiguration{configurable={registryName=dynamictrees:null}, properties={}}, leavesProperties=ScruffyLeavesProperties{registryName=dynamictrees:oak_undergrowth}, envFactors={}, megaSpecies={registryName=dynamictrees:null}, seed=null, primitive_sapling=Block{minecraft:air}, perfectBiomes=com.ferreusveritas.dynamictrees.util.holderset.DTBiomeHolderSet@1eb8a390, acceptableBlocksForGrowth=[], genFeatures=[]}.
[16lip2025 20:12:57.901] [Worker-Main-2/DEBUG] [com.ferreusveritas.dynamictrees.api.resource.loading.preparation.JsonRegistryResourceLoader/]: Loaded type "Species" data: Species{registryName=dynamictrees:oak, tapering=0.3, upProbability=2, lowestBranchHeight=3, signalEnergy=16.0, growthRate=1.0, soilLongevity=8, soilTypeFlags=0, maxBranchRadius=8, transformable=true, logicKit=GrowthLogicKitConfiguration{configurable={registryName=dynamictrees:null}, properties={}}, leavesProperties=LeavesProperties{registryName=dynamictrees:oak}, envFactors={}, megaSpecies={registryName=dynamictrees:null}, seed=net.minecraftforge.registries.RegistryObject@28140121, primitive_sapling=Block{minecraft:air}, perfectBiomes=com.ferreusveritas.dynamictrees.util.holderset.DTBiomeHolderSet@5709cb9a, acceptableBlocksForGrowth=[], genFeatures=[]}.
[16lip2025 20:12:57.901] [Worker-Main-2/DEBUG] [com.ferreusveritas.dynamictrees.api.resource.loading.preparation.JsonRegistryResourceLoader/]: Loaded type "Species" data: NetherFungusSpecies{registryName=dynamictrees:mega_warped, tapering=0.3, upProbability=2, lowestBranchHeight=3, signalEnergy=16.0, growthRate=1.0, soilLongevity=8, soilTypeFlags=0, maxBranchRadius=8, transformable=true, logicKit=GrowthLogicKitConfiguration{configurable={registryName=dynamictrees:null}, properties={}}, leavesProperties=WartProperties{registryName=dynamictrees:warped}, envFactors={}, megaSpecies={registryName=dynamictrees:null}, seed=null, primitive_sapling=Block{minecraft:air}, perfectBiomes=com.ferreusveritas.dynamictrees.util.holderset.DTBiomeHolderSet@6d5dc685, acceptableBlocksForGrowth=[], genFeatures=[]}.
[16lip2025 20:12:57.901] [Worker-Main-2/DEBUG] [com.ferreusveritas.dynamictrees.api.resource.loading.preparation.JsonRegistryResourceLoader/]: Loaded type "Species" data: Species{registryName=dynamictrees:mega_spruce, tapering=0.3, upProbability=2, lowestBranchHeight=3, signalEnergy=16.0, growthRate=1.0, soilLongevity=8, soilTypeFlags=0, maxBranchRadius=8, transformable=true, logicKit=GrowthLogicKitConfiguration{configurable={registryName=dynamictrees:null}, properties={}}, leavesProperties=LeavesProperties{registryName=dynamictrees:spruce}, envFactors={}, megaSpecies={registryName=dynamictrees:null}, seed=null, primitive_sapling=Block{minecraft:air}, perfectBiomes=com.ferreusveritas.dynamictrees.util.holderset.DTBiomeHolderSet@647862f9, acceptableBlocksForGrowth=[], genFeatures=[]}.
[16lip2025 20:12:57.901] [Worker-Main-2/DEBUG] [com.ferreusveritas.dynamictrees.api.resource.loading.preparation.JsonRegistryResourceLoader/]: Loaded type "Species" data: Species{registryName=dynamictrees:mega_jungle, tapering=0.3, upProbability=2, lowestBranchHeight=3, signalEnergy=16.0, growthRate=1.0, soilLongevity=8, soilTypeFlags=0, maxBranchRadius=8, transformable=true, logicKit=GrowthLogicKitConfiguration{configurable={registryName=dynamictrees:null}, properties={}}, leavesProperties=LeavesProperties{registryName=dynamictrees:jungle}, envFactors={}, megaSpecies={registryName=dynamictrees:null}, seed=null, primitive_sapling=Block{minecraft:air}, perfectBiomes=com.ferreusveritas.dynamictrees.util.holderset.DTBiomeHolderSet@3f07f9c5, acceptableBlocksForGrowth=[], genFeatures=[]}.
[16lip2025 20:12:57.902] [Worker-Main-2/DEBUG] [com.ferreusveritas.dynamictrees.api.resource.loading.preparation.JsonRegistryResourceLoader/]: Loaded type "Species" data: NetherFungusSpecies{registryName=dynamictrees:mega_crimson, tapering=0.3, upProbability=2, lowestBranchHeight=3, signalEnergy=16.0, growthRate=1.0, soilLongevity=8, soilTypeFlags=0, maxBranchRadius=8, transformable=true, logicKit=GrowthLogicKitConfiguration{configurable={registryName=dynamictrees:null}, properties={}}, leavesProperties=WartProperties{registryName=dynamictrees:crimson}, envFactors={}, megaSpecies={registryName=dynamictrees:null}, seed=null, primitive_sapling=Block{minecraft:air}, perfectBiomes=com.ferreusveritas.dynamictrees.util.holderset.DTBiomeHolderSet@26cbb0a4, acceptableBlocksForGrowth=[], genFeatures=[]}.
[16lip2025 20:12:57.902] [Worker-Main-2/DEBUG] [com.ferreusveritas.dynamictrees.api.resource.loading.preparation.JsonRegistryResourceLoader/]: Loaded type "Species" data: MangroveSpecies{registryName=dynamictrees:mangrove, tapering=0.3, upProbability=2, lowestBranchHeight=3, signalEnergy=16.0, growthRate=1.0, soilLongevity=8, soilTypeFlags=0, maxBranchRadius=8, transformable=true, logicKit=GrowthLogicKitConfiguration{configurable={registryName=dynamictrees:null}, properties={}}, leavesProperties=ScruffyLeavesProperties{registryName=dynamictrees:mangrove}, envFactors={}, megaSpecies={registryName=dynamictrees:null}, seed=net.minecraftforge.registries.RegistryObject@371df881, primitive_sapling=Block{minecraft:air}, perfectBiomes=com.ferreusveritas.dynamictrees.util.holderset.DTBiomeHolderSet@25212316, acceptableBlocksForGrowth=[], genFeatures=[]}.
[16lip2025 20:12:57.902] [Worker-Main-2/DEBUG] [com.ferreusveritas.dynamictrees.api.resource.loading.preparation.JsonRegistryResourceLoader/]: Loaded type "Species" data: Species{registryName=dynamictrees:jungle_undergrowth, tapering=0.3, upProbability=2, lowestBranchHeight=3, signalEnergy=16.0, growthRate=1.0, soilLongevity=8, soilTypeFlags=0, maxBranchRadius=8, transformable=true, logicKit=GrowthLogicKitConfiguration{configurable={registryName=dynamictrees:null}, properties={}}, leavesProperties=ScruffyLeavesProperties{registryName=dynamictrees:jungle_undergrowth}, envFactors={}, megaSpecies={registryName=dynamictrees:null}, seed=null, primitive_sapling=Block{minecraft:air}, perfectBiomes=com.ferreusveritas.dynamictrees.util.holderset.DTBiomeHolderSet@269e2e1, acceptableBlocksForGrowth=[], genFeatures=[]}.
[16lip2025 20:12:57.902] [Worker-Main-2/DEBUG] [com.ferreusveritas.dynamictrees.api.resource.loading.preparation.JsonRegistryResourceLoader/]: Loaded type "Species" data: Species{registryName=dynamictrees:jungle, tapering=0.3, upProbability=2, lowestBranchHeight=3, signalEnergy=16.0, growthRate=1.0, soilLongevity=8, soilTypeFlags=0, maxBranchRadius=8, transformable=true, logicKit=GrowthLogicKitConfiguration{configurable={registryName=dynamictrees:null}, properties={}}, leavesProperties=LeavesProperties{registryName=dynamictrees:jungle}, envFactors={}, megaSpecies={registryName=dynamictrees:null}, seed=net.minecraftforge.registries.RegistryObject@265c7bbd, primitive_sapling=Block{minecraft:air}, perfectBiomes=com.ferreusveritas.dynamictrees.util.holderset.DTBiomeHolderSet@2a0fab8, acceptableBlocksForGrowth=[], genFeatures=[]}.
[16lip2025 20:12:57.902] [Worker-Main-2/DEBUG] [com.ferreusveritas.dynamictrees.api.resource.loading.preparation.JsonRegistryResourceLoader/]: Loaded type "Species" data: Species{registryName=dynamictrees:dark_oak, tapering=0.3, upProbability=2, lowestBranchHeight=3, signalEnergy=16.0, growthRate=1.0, soilLongevity=8, soilTypeFlags=0, maxBranchRadius=8, transformable=true, logicKit=GrowthLogicKitConfiguration{configurable={registryName=dynamictrees:null}, properties={}}, leavesProperties=LeavesProperties{registryName=dynamictrees:dark_oak}, envFactors={}, megaSpecies={registryName=dynamictrees:null}, seed=net.minecraftforge.registries.RegistryObject@ab8147ca, primitive_sapling=Block{minecraft:air}, perfectBiomes=com.ferreusveritas.dynamictrees.util.holderset.DTBiomeHolderSet@791524d8, acceptableBlocksForGrowth=[], genFeatures=[]}.
[16lip2025 20:12:57.903] [Worker-Main-2/DEBUG] [com.ferreusveritas.dynamictrees.api.resource.loading.preparation.JsonRegistryResourceLoader/]: Loaded type "Species" data: NetherFungusSpecies{registryName=dynamictrees:crimson, tapering=0.3, upProbability=2, lowestBranchHeight=3, signalEnergy=16.0, growthRate=1.0, soilLongevity=8, soilTypeFlags=0, maxBranchRadius=8, transformable=true, logicKit=GrowthLogicKitConfiguration{configurable={registryName=dynamictrees:null}, properties={}}, leavesProperties=WartProperties{registryName=dynamictrees:crimson}, envFactors={}, megaSpecies={registryName=dynamictrees:null}, seed=net.minecraftforge.registries.RegistryObject@4c1bb2db, primitive_sapling=Block{minecraft:air}, perfectBiomes=com.ferreusveritas.dynamictrees.util.holderset.DTBiomeHolderSet@5500917f, acceptableBlocksForGrowth=[], genFeatures=[]}.
[16lip2025 20:12:57.903] [Worker-Main-2/DEBUG] [com.ferreusveritas.dynamictrees.api.resource.loading.preparation.JsonRegistryResourceLoader/]: Loaded type "Species" data: Species{registryName=dynamictrees:cocoa, tapering=0.3, upProbability=2, lowestBranchHeight=3, signalEnergy=16.0, growthRate=1.0, soilLongevity=8, soilTypeFlags=0, maxBranchRadius=8, transformable=true, logicKit=GrowthLogicKitConfiguration{configurable={registryName=dynamictrees:null}, properties={}}, leavesProperties=LeavesProperties{registryName=dynamictrees:jungle}, envFactors={}, megaSpecies={registryName=dynamictrees:null}, seed=net.minecraftforge.registries.RegistryObject@df1f8e71, primitive_sapling=Block{minecraft:air}, perfectBiomes=com.ferreusveritas.dynamictrees.util.holderset.DTBiomeHolderSet@18331fd4, acceptableBlocksForGrowth=[], genFeatures=[]}.
[16lip2025 20:12:57.903] [Worker-Main-2/DEBUG] [com.ferreusveritas.dynamictrees.api.resource.loading.preparation.JsonRegistryResourceLoader/]: Loaded type "Species" data: Species{registryName=dynamictrees:cherry, tapering=0.3, upProbability=2, lowestBranchHeight=3, signalEnergy=16.0, growthRate=1.0, soilLongevity=8, soilTypeFlags=0, maxBranchRadius=8, transformable=true, logicKit=GrowthLogicKitConfiguration{configurable={registryName=dynamictrees:null}, properties={}}, leavesProperties=LeavesProperties{registryName=dynamictrees:cherry}, envFactors={}, megaSpecies={registryName=dynamictrees:null}, seed=net.minecraftforge.registries.RegistryObject@4c2c3061, primitive_sapling=Block{minecraft:air}, perfectBiomes=com.ferreusveritas.dynamictrees.util.holderset.DTBiomeHolderSet@1d434350, acceptableBlocksForGrowth=[], genFeatures=[]}.
[16lip2025 20:12:57.904] [Worker-Main-2/DEBUG] [com.ferreusveritas.dynamictrees.api.resource.loading.preparation.JsonRegistryResourceLoader/]: Loaded type "Species" data: Species{registryName=dynamictrees:birch, tapering=0.3, upProbability=2, lowestBranchHeight=3, signalEnergy=16.0, growthRate=1.0, soilLongevity=8, soilTypeFlags=0, maxBranchRadius=8, transformable=true, logicKit=GrowthLogicKitConfiguration{configurable={registryName=dynamictrees:null}, properties={}}, leavesProperties=LeavesProperties{registryName=dynamictrees:birch}, envFactors={}, megaSpecies={registryName=dynamictrees:null}, seed=net.minecraftforge.registries.RegistryObject@189449aa, primitive_sapling=Block{minecraft:air}, perfectBiomes=com.ferreusveritas.dynamictrees.util.holderset.DTBiomeHolderSet@4d2087c4, acceptableBlocksForGrowth=[], genFeatures=[]}.
[16lip2025 20:12:57.904] [Worker-Main-2/DEBUG] [com.ferreusveritas.dynamictrees.api.resource.loading.preparation.JsonRegistryResourceLoader/]: Loaded type "Species" data: Species{registryName=dynamictrees:azalea, tapering=0.3, upProbability=2, lowestBranchHeight=3, signalEnergy=16.0, growthRate=1.0, soilLongevity=8, soilTypeFlags=0, maxBranchRadius=8, transformable=true, logicKit=GrowthLogicKitConfiguration{configurable={registryName=dynamictrees:null}, properties={}}, leavesProperties=ScruffyLeavesProperties{registryName=dynamictrees:azalea}, envFactors={}, megaSpecies={registryName=dynamictrees:null}, seed=net.minecraftforge.registries.RegistryObject@b68ea49a, primitive_sapling=Block{minecraft:air}, perfectBiomes=com.ferreusveritas.dynamictrees.util.holderset.DTBiomeHolderSet@1c7a7c76, acceptableBlocksForGrowth=[], genFeatures=[]}.
[16lip2025 20:12:57.904] [Worker-Main-2/DEBUG] [com.ferreusveritas.dynamictrees.api.resource.loading.preparation.JsonRegistryResourceLoader/]: Loaded type "Species" data: Species{registryName=dynamictrees:apple_oak, tapering=0.3, upProbability=2, lowestBranchHeight=3, signalEnergy=16.0, growthRate=1.0, soilLongevity=8, soilTypeFlags=0, maxBranchRadius=8, transformable=true, logicKit=GrowthLogicKitConfiguration{configurable={registryName=dynamictrees:null}, properties={}}, leavesProperties=LeavesProperties{registryName=dynamictrees:oak}, envFactors={}, megaSpecies={registryName=dynamictrees:null}, seed=net.minecraftforge.registries.RegistryObject@ab02d466, primitive_sapling=Block{minecraft:air}, perfectBiomes=com.ferreusveritas.dynamictrees.util.holderset.DTBiomeHolderSet@1cb70d92, acceptableBlocksForGrowth=[], genFeatures=[]}.
[16lip2025 20:12:57.904] [Worker-Main-2/DEBUG] [com.ferreusveritas.dynamictrees.api.resource.loading.preparation.JsonRegistryResourceLoader/]: Loaded type "Species" data: Species{registryName=dynamictrees:acacia, tapering=0.3, upProbability=2, lowestBranchHeight=3, signalEnergy=16.0, growthRate=1.0, soilLongevity=8, soilTypeFlags=0, maxBranchRadius=8, transformable=true, logicKit=GrowthLogicKitConfiguration{configurable={registryName=dynamictrees:null}, properties={}}, leavesProperties=LeavesProperties{registryName=dynamictrees:acacia}, envFactors={}, megaSpecies={registryName=dynamictrees:null}, seed=net.minecraftforge.registries.RegistryObject@f0a3d3fe, primitive_sapling=Block{minecraft:air}, perfectBiomes=com.ferreusveritas.dynamictrees.util.holderset.DTBiomeHolderSet@1b699497, acceptableBlocksForGrowth=[], genFeatures=[]}.
[16lip2025 20:12:57.969] [main/INFO] [net.minecraft.data.DataGenerator/]: Starting provider: Recipes
[16lip2025 20:12:58.053] [main/INFO] [net.minecraft.data.DataGenerator/]: Recipes finished after 84 ms
[16lip2025 20:12:58.053] [main/INFO] [net.minecraft.data.DataGenerator/]: Starting provider: Loot Tables
[16lip2025 20:12:58.186] [main/INFO] [net.minecraft.data.DataGenerator/]: Loot Tables finished after 132 ms
[16lip2025 20:12:58.187] [main/INFO] [net.minecraft.data.DataGenerator/]: Starting provider: Block States: grasses
[16lip2025 20:12:58.770] [main/INFO] [net.minecraft.data.DataGenerator/]: Block States: grasses finished after 582 ms
[16lip2025 20:12:58.770] [main/INFO] [net.minecraft.data.DataGenerator/]: Starting provider: Item Models: grasses
[16lip2025 20:12:58.790] [main/INFO] [net.minecraft.data.DataGenerator/]: Item Models: grasses finished after 19 ms
[16lip2025 20:12:58.790] [main/INFO] [net.minecraft.data.DataGenerator/]: Starting provider: Tags for minecraft:block mod id grasses
[16lip2025 20:12:58.821] [main/INFO] [net.minecraft.data.DataGenerator/]: Tags for minecraft:block mod id grasses finished after 31 ms
[16lip2025 20:12:58.821] [main/INFO] [net.minecraft.data.DataGenerator/]: Starting provider: Tags for minecraft:item mod id grasses
[16lip2025 20:12:58.824] [main/INFO] [net.minecraft.data.DataGenerator/]: Tags for minecraft:item mod id grasses finished after 2 ms
[16lip2025 20:12:58.824] [main/INFO] [net.minecraft.data.DataGenerator/]: Starting provider: Global Loot Modifiers : grasses
[16lip2025 20:12:58.856] [main/INFO] [net.minecraft.data.DataGenerator/]: Global Loot Modifiers : grasses finished after 31 ms
[16lip2025 20:12:58.856] [main/INFO] [net.minecraft.data.DataGenerator/]: All providers took: 887 ms
[16lip2025 20:12:58.894] [main/INFO] [net.minecraft.data.HashCache/]: Caching: total files: 1884, old count: 1884, new count: 1885, removed stale: 0, written: 0
